Tube_ID,Color,Temperature,Accession,Species,Cond_freeze,Cond_N,Cond_boiling,Date
61,red,4,PLAT,PLAT,34.4,107.1,154.2,2/3/20
66,red,4,SACC,SACC,16.5,80.1,146.3,2/3/20
71,red,-80,SACC,SACC,45.7,82.4,144.3,2/3/20
74,red,4,PLAT,PLAT,35.8,109.2,161.3,2/3/20
80,red,-80,PLAT,PLAT,46.8,64.1,92,2/3/20
81,red,-80,RUBR,RUBR,34,66.2,114.2,2/3/20
82,red,-80,SACC,SACC,39.7,75.1,135.3,2/3/20
86,red,4,PLAT,PLAT,18.7,57.7,88.9,2/3/20
87,red,4,RUBR,RUBR,10.1,38.8,61.4,2/3/20
89,red,4,SACC,SACC,16.9,80.1,138.1,2/3/20
91,red,-80,PLAT,PLAT,37.3,97.2,141.4,2/3/20
92,red,-80,PLAT,PLAT,93.8,116.5,159.8,2/3/20
93,red,-80,RUBR,RUBR,23.7,46,76.9,2/3/20
94,red,-80,RUBR,RUBR,32.9,66,101.3,2/3/20
95,red,-80,SACC,SACC,45.5,79.9,141.5,2/3/20
97,red,4,RUBR,RUBR,14.1,60.7,99.8,2/3/20
98,red,4,RUBR,RUBR,8.9,39.2,71.5,2/3/20
99,red,4,SACC,SACC,10.2,44.8,96.7,2/3/20
129,orange,-10,SACC,SACC,24.3,86.4,149.4,2/3/20
130,orange,-10,SACC,SACC,12.8,52.2,102.3,2/3/20
132,orange,-70,PLAT,PLAT,53.7,79.1,112.7,2/3/20
133,orange,-70,RUBR,RUBR,20,57.9,88.3,2/3/20
134,orange,-70,RUBR,RUBR,36.8,67.8,109,2/3/20
135,orange,-70,PLAT,PLAT,55.2,85.3,127.7,2/3/20
137,orange,-70,PLAT,PLAT,78.6,100.9,137.1,2/3/20
138,orange,-70,SACC,SACC,33.2,59.1,104.8,2/3/20
139,orange,-70,SACC,SACC,36,61.5,109.5,2/3/20
140,orange,-70,SACC,SACC,38.2,67.6,116.1,2/3/20
145,orange,-10,SACC,SACC,24.3,86.4,153.5,2/3/20
146,orange,-70,RUBR,RUBR,27.9,54,81.9,2/3/20
147,orange,-10,PLAT,PLAT,42.2,113.1,165.3,2/3/20
148,orange,-10,PLAT,PLAT,39.1,96.1,142.5,2/3/20
149,orange,-10,PLAT,PLAT,32.4,80.1,115.8,2/3/20
150,orange,-10,RUBR,RUBR,14,55.5,80.9,2/3/20
169,orange,-10,RUBR,RUBR,11.1,34.7,62.1,2/3/20
172,orange,-10,RUBR,RUBR,11.1,40.1,69.9,2/3/20
301,yellow,-20,RUBR,RUBR,20.8,50.1,85.2,2/3/20
303,yellow,-20,SACC,SACC,20.6,55.4,97.6,2/3/20
304,yellow,-50,SACC,SACC,35.2,55.4,100.4,2/3/20
305,yellow,-50,RUBR,RUBR,22.2,39.3,63.3,2/3/20
306,yellow,-50,PLAT,PLAT,79.6,99.5,143,2/3/20
313,yellow,-20,RUBR,RUBR,18.6,49.3,76.9,2/3/20
314,yellow,-20,RUBR,RUBR,15.5,44.7,71.9,2/3/20
316,yellow,-50,SACC,SACC,34.4,60.7,108.8,2/3/20
319,yellow,-50,SACC,SACC,34.2,64.1,107.6,2/3/20
332,yellow,-20,SACC,SACC,35,110.9,170,2/3/20
333,yellow,-20,SACC,SACC,41.5,134.1,214,2/3/20
341,yellow,-20,PLAT,PLAT,45.1,106.4,149.2,2/3/20
344,yellow,-20,PLAT,PLAT,38.5,100.5,145.1,2/3/20
347,yellow,-50,RUBR,RUBR,17.6,41.5,63.1,2/3/20
348,yellow,-50,PLAT,PLAT,29.1,58.1,85.2,2/3/20
349,yellow,-50,PLAT,PLAT,52.8,76.8,113.8,2/3/20
355,yellow,-20,PLAT,PLAT,40.9,96.9,138.2,2/3/20
373,yellow,-50,RUBR,RUBR,49.1,94.2,148.2,2/3/20
396,green,-30,RUBR,RUBR,19.7,45.8,75.3,2/3/20
398,green,-30,RUBR,RUBR,17,44.1,68.6,2/3/20
400,green,-30,RUBR,RUBR,24.4,55.9,93.7,2/3/20
414,green,-30,PLAT,PLAT,52.9,99,138.4,2/3/20
421,green,-30,PLAT,PLAT,35.5,72.1,107.8,2/3/20
423,green,-30,PLAT,PLAT,39.4,73,110.1,2/3/20
463,green,-30,SACC,SACC,27.8,70.8,128.3,2/3/20
477,green,-30,SACC,SACC,22.1,57.7,99,2/3/20
478,green,-30,SACC,SACC,37.6,90.8,147.9,2/3/20
570,blue,-40,RUBR,RUBR,33.3,63.4,107.7,2/3/20
571,blue,-40,RUBR,RUBR,38.7,62.5,95.2,2/3/20
572,blue,-40,RUBR,RUBR,16.2,38.4,63.4,2/3/20
573,blue,-40,PLAT,PLAT,57.3,72.2,106.7,2/3/20
574,blue,-40,PLAT,PLAT,45.3,66.1,100.3,2/3/20
575,blue,-40,PLAT,PLAT,58.1,87.7,131.1,2/3/20
584,blue,-40,SACC,SACC,34.8,68.9,119.7,2/3/20
592,blue,-40,SACC,SACC,34.4,66.7,126.6,2/3/20
593,blue,-40,SACC,SACC,71.6,136.8,217.4,2/3/20
387,green,-80,31-73 B,HYRC,25.7,33,,2/10/20
388,green,-80,750-55 B,PSEP,95.5,144.4,,2/10/20
393,green,-80,Weld2,PLAT,64.9,84.5,,2/10/20
404,green,-80,126-2003 B,DAVI,56.2,75.2,,2/10/20
411,green,-80,172-2001 B,CAMP,67.7,100.8,,2/10/20
412,green,-80,750-55 B,PSEP,46.9,127.2,,2/10/20
413,green,-80,172-2001 B,CAMP,61,83.5,,2/10/20
415,green,-80,435-84 A,CAUD,47.9,55.7,,2/10/20
418,green,-80,207-2005 A,RUBR,33,46,,2/10/20
428,green,-80,Weld3,PLAT,38.5,44.5,,2/10/20
429,green,-80,379-2007 A,CAMP,44.2,56.3,,2/10/20
430,green,-80,31-73 B,HYRC,21.5,42.2,,2/10/20
432,green,-80,197-2001 A,NEGU,61.9,156.4,,2/10/20
434,green,-80,Weld3,PLAT,39,50.1,,2/10/20
435,green,-80,172-2001 B,CAMP,78.9,106.4,,2/10/20
438,green,-80,530-2008 A,SACC,34.1,68.3,,2/10/20
441,green,-80,124-2005 C,SPIC,29.8,58.5,,2/10/20
442,green,-80,379-2007 A,CAMP,41.5,43.7,,2/10/20
445,green,-80,379-2007 A,CAMP,42.5,49.7,,2/10/20
454,green,-80,Weld2,PLAT,38.3,53.5,,2/10/20
455,green,-80,207-2005 A,RUBR,37.1,52.8,,2/10/20
457,green,-80,246-2010 A,SACC,21,31,,2/10/20
458,green,-80,126-2003 B,DAVI,55.4,87.2,,2/10/20
470,green,-80,Weld3,PLAT,48.3,57.5,,2/10/20
487,green,-80,246-2010 A,SACC,19.7,28.2,,2/10/20
488,green,-80,124-2005 C,SPIC,40.7,61.5,,2/10/20
489,green,-80,750-55 B,PSEP,51.9,141,,2/10/20
494,green,-80,124-2005 C,SPIC,30.2,56.3,,2/10/20
500,green,-80,197-2001 A,NEGU,44.5,94.5,,2/10/20
502,green,-80,246-2010 A,SACC,42.6,61.6,,2/10/20
505,green,-80,Weld2,PLAT,30.5,41,,2/10/20
507,green,-80,666-94 A,DAVI,29.8,36.5,,2/10/20
509,green,-80,126-2003 B,DAVI,55.9,82.3,,2/10/20
511,green,-80,197-2001 A,NEGU,75.4,149.5,,2/10/20
732,green,-80,207-2005 A,RUBR,32,55.5,,2/10/20
733,green,-80,78-2000 B,TATA,30.2,47.4,,2/10/20
734,green,-80,435-84 C,CAUD,60.3,82.7,,2/10/20
735,green,-80,530-2008 A,SACC,47.3,77.2,,2/10/20
736,green,-80,78-2000 B,TATA,33.2,46.6,,2/10/20
737,green,-80,435-84 A,CAUD,45.3,57.4,,2/10/20
741,green,-80,115-2000 A,TATA,14.4,21.7,,2/10/20
742,green,-80,78-2000 B,TATA,43.6,62.7,,2/10/20
743,green,-80,435-84 A,CAUD,62.1,73.8,,2/10/20
745,green,-80,435-84 C,CAUD,30.7,43.6,,2/10/20
746,green,-80,435-84 C,CAUD,27.6,34.6,,2/10/20
747,green,-80,699-89 A,CAMP,43,66.6,,2/10/20
750,green,-80,699-89 A,CAMP,44.8,73.3,,2/10/20
757,green,-80,115-2000 A,TATA,31.2,49.6,,2/10/20
758,green,-80,530-2008 A,SACC,28.6,45.8,,2/10/20
760,green,-80,115-2000 A,TATA,21.5,35.3,,2/10/20
761,green,-80,699-89 A,CAMP,40.2,59.6,,2/10/20
762,green,-80,31-73 B,HYRC,31,40.3,,2/10/20
770,green,-80,666-94 A,DAVI,48.1,59.2,,2/10/20
771,green,-80,666-94 A,DAVI,29,51.8,,2/10/20
547,blue,-60,435-84 A,CAUD,61,70.8,,2/10/20
568,blue,-60,435-84 C,CAUD,59.4,83.7,,2/10/20
604,blue,-60,530-2008 A,SACC,31.1,46.7,,2/10/20
605,blue,-60,699-89 A,CAMP,42.8,66.5,,2/10/20
607,blue,-60,530-2008 A,SACC,46.6,72.1,,2/10/20
609,blue,-60,207-2005 A,RUBR,28.6,47.2,,2/10/20
619,blue,-60,207-2005 A,RUBR,44.4,57.5,,2/10/20
634,blue,-60,Weld2,PLAT,64.5,89.5,,2/10/20
635,blue,-60,31-73 B,HYRC,21.8,31.6,,2/10/20
637,blue,-60,435-84 C,CAUD,37.7,47.5,,2/10/20
640,blue,-60,207-2005 A,RUBR,27.9,42.7,,2/10/20
774,blue,-60,78-2000 B,TATA,39.4,59,,2/10/20
775,blue,-60,115-2000 A,TATA,19.6,26.4,,2/10/20
777,blue,-60,78-2000 B,TATA,34.7,41.3,,2/10/20
778,blue,-60,172-2001 B,CAMP,48.3,54.4,,2/10/20
780,blue,-60,115-2000 A,TATA,19.5,60.3,,2/10/20
781,blue,-60,Weld3,PLAT,33.7,60.9,,2/10/20
782,blue,-60,Weld3,PLAT,45.6,29.8,,2/10/20
783,blue,-60,Weld3,PLAT,36.9,42.2,,2/10/20
784,blue,-60,172-2001 B,CAMP,49.9,64.9,,2/10/20
785,blue,-60,126-2003 B,DAVI,64.1,46.2,,2/10/20
786,blue,-60,246-2010 A,SACC,39.8,61.8,,2/10/20
787,blue,-60,246-2010 A,SACC,32.2,87.8,,2/10/20
788,blue,-60,246-2010 A,SACC,33.7,59.6,,2/10/20
789,blue,-60,530-2008 A,SACC,30.8,47.1,,2/10/20
790,blue,-60,197-2001 A,NEGU,50.9,47.4,,2/10/20
791,blue,-60,666-94 A,DAVI,55.3,51.6,,2/10/20
792,blue,-60,124-2005 C,SPIC,25.1,101.4,,2/10/20
793,blue,-60,31-73 B,HYRC,35,71.8,,2/10/20
794,blue,-60,750-55 B,PSEP,70.6,51.5,,2/10/20
795,blue,-60,379-2007 A,CAMP,30.7,49.3,,2/10/20
796,blue,-60,115-2000 A,TATA,38.6,109.5,,2/10/20
796,blue,-60,699-89 A,CAMP,23.6,39,,2/10/20
797,blue,-60,750-55 B,PSEP,104.4,54.6,,2/10/20
798,blue,-60,750-55 B,PSEP,91.5,147.3,,2/10/20
799,blue,-60,172-2001 B,CAMP,43.2,155.3,,2/10/20
799,blue,-60,435-84 C,CAUD,48.6,51.9,,2/10/20
800,blue,-60,699-89 A,CAMP,30.7,45.3,,2/10/20
801,blue,-60,126-2003 B,DAVI,64.6,90.8,,2/10/20
802,blue,-60,197-2001 A,NEGU,61.9,102.5,,2/10/20
803,blue,-60,31-73 B,HYRC,27.1,35.8,,2/10/20
804,blue,-60,124-2005 C,SPIC,39.3,68,,2/10/20
805,blue,-60,379-2007 A,CAMP,44.1,55.6,,2/10/20
806,blue,-60,666-94 A,DAVI,53.7,67,,2/10/20
807,blue,-60,197-2001 A,NEGU,73.4,125.6,,2/10/20
808,blue,-60,Weld2,PLAT,69,98.8,,2/10/20
809,blue,-60,435-84 A,CAUD,47.8,67.4,,2/10/20
810,blue,-60,435-84 A,CAUD,48.6,63.2,,2/10/20
811,blue,-60,124-2005 C,SPIC,27.4,64.7,,2/10/20
812,blue,-60,379-2007 A,CAMP,29.2,34.4,,2/10/20
813,blue,-60,126-2003 B,DAVI,57.4,87.8,,2/10/20
814,blue,-60,78-2000 B,TATA,31.9,47.7,,2/10/20
815,blue,-60,Weld2,PLAT,35.2,45.3,,2/10/20
816,blue,-60,666-94 A,DAVI,39.1,54.8,,2/10/20
389,green,-40,126-2003 B,DAVI,67.8,90,,2/10/20
390,green,-40,126-2003 B,DAVI,57.5,81.5,,2/10/20
391,green,-40,172-2001 B,CAMP,55.7,80.8,,2/10/20
392,green,-40,Weld2,PLAT,76.9,109,,2/10/20
397,green,-40,379-2007 A,CAMP,39.3,45.6,,2/10/20
399,green,-40,126-2003 B,DAVI,58.9,84,,2/10/20
416,green,-40,379-2007 A,CAMP,39.8,49.3,,2/10/20
419,green,-40,530-2008 A,SACC,33.8,52.1,,2/10/20
420,green,-40,435-84 A,CAUD,51.2,61.5,,2/10/20
425,green,-40,666-94 A,DAVI,51.8,74.8,,2/10/20
433,green,-40,197-2001 A,NEGU,88.8,131.3,,2/10/20
437,green,-40,750-55 B,PSEP,110,153.7,,2/10/20
439,green,-40,172-2001 B,CAMP,48.3,58.1,,2/10/20
440,green,-40,197-2001 A,NEGU,53.8,101.8,,2/10/20
448,green,-40,124-2005 C,SPIC,32.9,46.4,,2/10/20
459,green,-40,Weld3,PLAT,45,62,,2/10/20
460,green,-40,172-2001 B,CAMP,61.4,85.4,,2/10/20
461,green,-40,246-2010 A,SACC,30.2,48.6,,2/10/20
467,green,-40,Weld2,PLAT,45.5,57.4,,2/10/20
469,green,-40,246-2010 A,SACC,43.4,66.2,,2/10/20
474,green,-40,31-73 B,HYRC,19.6,26.2,,2/10/20
475,green,-40,Weld3,PLAT,40.9,51.5,,2/10/20
476,green,-40,Weld2,PLAT,38.7,52.3,,2/10/20
486,green,-40,750-55 B,PSEP,94.5,136.2,,2/10/20
498,green,-40,246-2010 A,SACC,32.8,44.8,,2/10/20
501,green,-40,750-55 B,PSEP,95.7,151.9,,2/10/20
503,green,-40,124-2005 C,SPIC,34.7,64.7,,2/10/20
504,green,-40,379-2007 A,CAMP,40.5,46.6,,2/10/20
506,green,-40,197-2001 A,NEGU,60.9,103.3,,2/10/20
508,green,-40,435-84 C,CAUD,39.7,49.3,,2/10/20
510,green,-40,124-2005 C,SPIC,37.1,59.1,,2/10/20
512,green,-40,Weld3,PLAT,46.6,63.9,,2/10/20
738,green,-40,115-2000 A,TATA,14.6,19.1,,2/10/20
739,green,-40,207-2005 A,RUBR,32.1,47,,2/10/20
740,green,-40,530-2008 A,SACC,54.9,88.3,,2/10/20
744,green,-40,666-94 A,DAVI,46.2,57.3,,2/10/20
748,green,-40,699-89 A,CAMP,46.8,76,,2/10/20
749,green,-40,115-2000 A,TATA,19.4,26.5,,2/10/20
751,green,-40,78-2000 B,TATA,37.1,53.5,,2/10/20
752,green,-40,435-84 C,CAUD,45.1,62.7,,2/10/20
753,green,-40,31-73 B,HYRC,29.7,41.8,,2/10/20
754,green,-40,435-84 C,CAUD,77,108.1,,2/10/20
755,green,-40,115-2000 A,TATA,28.3,46.3,,2/10/20
756,green,-40,31-73 B,HYRC,37.9,48.8,,2/10/20
759,green,-40,78-2000 B,TATA,36.7,55.2,,2/10/20
763,green,-40,78-2000 B,TATA,32,45.1,,2/10/20
764,green,-40,666-94 A,DAVI,41.5,54.5,,2/10/20
765,green,-40,530-2008 A,SACC,55.2,93.3,,2/10/20
766,green,-40,699-89 A,CAMP,39.1,60.7,,2/10/20
767,green,-40,207-2005 A,RUBR,32.3,44.4,,2/10/20
768,green,-40,699-89 A,CAMP,52,76.8,,2/10/20
769,green,-40,435-84 A,CAUD,59.3,67.6,,2/10/20
772,green,-40,207-2005 A,RUBR,34.9,49.1,,2/10/20
773,green,-40,435-84 A,CAUD,74.2,95.1,,2/10/20
269,yellow,-30,379-2007 A,CAMP,42.5,57.4,,2/10/20
270,yellow,-30,172-2001 B,CAMP,60.3,77.2,,2/10/20
271,yellow,-30,124-2005 C,SPIC,27.7,54.3,,2/10/20
272,yellow,-30,Weld3,PLAT,33.1,51.2,,2/10/20
272,yellow,-30,207-2005 A,RUBR,24,41.1,,2/10/20
278,yellow,-30,750-55 B,PSEP,87.9,108.4,,2/10/20
279,yellow,-30,Weld2,PLAT,39,60.9,,2/10/20
280,yellow,-30,246-2010 A,SACC,30.9,56.7,,2/10/20
281,yellow,-30,207-2005 A,RUBR,24,40.2,,2/10/20
282,yellow,-30,207-2005 A,RUBR,24.7,44.3,,2/10/20
283,yellow,-30,31-73 B,HYRC,20.9,24.6,,2/10/20
284,yellow,-30,699-89 A,CAMP,34.7,64.2,,2/10/20
290,yellow,-30,530-2008 A,SACC,16.2,39.9,,2/10/20
292,yellow,-30,246-2010 A,SACC,23.1,40.1,,2/10/20
293,yellow,-30,115-2000 A,TATA,21.6,32.3,,2/10/20
294,yellow,-30,31-73 B,HYRC,30.5,43.8,,2/10/20
295,yellow,-30,435-84 C,CAUD,53.4,80.1,,2/10/20
296,yellow,-30,666-94 A,DAVI,27.1,41.9,,2/10/20
309,yellow,-30,172-2001 B,CAMP,56.3,67.8,,2/10/20
315,yellow,-30,Weld3,PLAT,29.2,45.1,,2/10/20
317,yellow,-30,666-94 A,DAVI,38.9,58.5,,2/10/20
318,yellow,-30,435-84 A,CAUD,56.1,78,,2/10/20
320,yellow,-30,197-2001 A,NEGU,50.7,82.3,,2/10/20
322,yellow,-30,197-2001 A,NEGU,60.3,109.1,,2/10/20
325,yellow,-30,435-84 C,CAUD,24,38.2,,2/10/20
327,yellow,-30,530-2008 A,SACC,30.9,77,,2/10/20
328,yellow,-30,666-94 A,DAVI,28.1,37.3,,2/10/20
330,yellow,-30,126-2003 B,DAVI,58,83.3,,2/10/20
331,yellow,-30,750-55 B,PSEP,74.3,117.6,,2/10/20
334,yellow,-30,172-2001 B,CAMP,75.9,97.8,,2/10/20
335,yellow,-30,Weld3,PLAT,54.4,77.2,,2/10/20
336,yellow,-30,Weld2,PLAT,32.9,45.3,,2/10/20
338,yellow,-30,115-2000 A,TATA,24.2,46.9,,2/10/20
342,yellow,-30,530-2008 A,SACC,23.9,53.8,,2/10/20
343,yellow,-30,379-2007 A,CAMP,39.1,49.4,,2/10/20
345,yellow,-30,435-84 A,CAUD,64,87.2,,2/10/20
351,yellow,-30,124-2005 C,SPIC,32.3,64.3,,2/10/20
352,yellow,-30,379-2007 A,CAMP,42.5,55.9,,2/10/20
356,yellow,-30,435-84 C,CAUD,30.4,43.2,,2/10/20
357,yellow,-30,115-2000 A,TATA,15.6,21.7,,2/10/20
358,yellow,-30,126-2003 B,DAVI,59.1,84.8,,2/10/20
360,yellow,-30,699-89 A,CAMP,48.9,75.7,,2/10/20
362,yellow,-30,126-2003 B,DAVI,40.5,56.6,,2/10/20
364,yellow,-30,31-73 B,HYRC,26.3,41.1,,2/10/20
365,yellow,-30,699-89 A,CAMP,33.2,55.7,,2/10/20
366,yellow,-30,124-2005 C,SPIC,28.8,49.4,,2/10/20
368,yellow,-30,Weld2,PLAT,74.6,111,,2/10/20
374,yellow,-30,78-2000 B,TATA,31.4,46.1,,2/10/20
376,yellow,-30,435-84 A,CAUD,46.6,57.1,,2/10/20
377,yellow,-30,750-55 B,PSEP,120.5,192.8,,2/10/20
378,yellow,-30,78-2000 B,TATA,32,45,,2/10/20
379,yellow,-30,78-2000 B,TATA,24.7,41.8,,2/10/20
383,yellow,-30,197-2001 A,NEGU,61.5,119.1,,2/10/20
384,yellow,-30,246-2010 A,SACC,18,28.9,,2/10/20
151,orange,-20,379-2007 A,CAMP,37.7,54.2,,2/10/20
155,orange,-20,699-89 A,CAMP,36,73.2,,2/10/20
157,orange,-20,379-2007 A,CAMP,31.2,52.9,,2/10/20
158,orange,-20,Weld3,PLAT,39.7,74.6,,2/10/20
160,orange,-20,750-55 B,PSEP,48.4,98.7,,2/10/20
161,orange,-20,750-55 B,PSEP,61,121.8,,2/10/20
163,orange,-20,172-2001 B,CAMP,31.3,65.3,,2/10/20
168,orange,-20,379-2007 A,CAMP,31.8,50,,2/10/20
170,orange,-20,246-2010 A,SACC,22.8,49.4,,2/10/20
171,orange,-20,124-2005 C,SPIC,29,57.8,,2/10/20
173,orange,-20,Weld3,PLAT,24,40,,2/10/20
175,orange,-20,172-2001 B,CAMP,31.2,63.2,,2/10/20
176,orange,-20,197-2001 A,NEGU,43.3,99.9,,2/10/20
178,orange,-20,Weld2,PLAT,54.9,95.2,,2/10/20
179,orange,-20,115-2000 A,TATA,24.3,49.2,,2/10/20
181,orange,-20,172-2001 B,CAMP,31.2,61.1,,2/10/20
182,orange,-20,435-84 A,CAUD,30.5,53.3,,2/10/20
183,orange,-20,124-2005 C,SPIC,30.4,55.8,,2/10/20
192,orange,-20,126-2003 B,DAVI,30,47.3,,2/10/20
198,orange,-20,115-2000 A,TATA,13.9,29,,2/10/20
199,orange,-20,197-2001 A,NEGU,47.2,137.5,,2/10/20
200,orange,-20,750-55 B,PSEP,51.1,115.4,,2/10/20
202,orange,-20,115-2000 A,TATA,13.4,24.3,,2/10/20
213,orange,-20,Weld3,PLAT,26.4,54.6,,2/10/20
218,orange,-20,126-2003 B,DAVI,30.1,66.2,,2/10/20
228,orange,-20,126-2003 B,DAVI,36.3,68.2,,2/10/20
229,orange,-20,197-2001 A,NEGU,54.4,118,,2/10/20
238,orange,-20,Weld2,PLAT,27.2,49.2,,2/10/20
239,orange,-20,246-2010 A,SACC,28.9,62.8,,2/10/20
250,orange,-20,246-2010 A,SACC,19.2,33.5,,2/10/20
252,orange,-20,124-2005 C,SPIC,28.2,47.2,,2/10/20
255,orange,-20,Weld2,PLAT,23.7,43.7,,2/10/20
688,orange,-20,435-84 A,CAUD,54.9,93.6,,2/10/20
691,orange,-20,435-84 C,CAUD,15.8,27.7,,2/10/20
696,orange,-20,207-2005 A,RUBR,20.7,45.9,,2/10/20
697,orange,-20,530-2008 A,SACC,13.2,39.9,,2/10/20
699,orange,-20,435-84 A,CAUD,33.8,68.4,,2/10/20
700,orange,-20,435-84 C,CAUD,31.8,59.4,,2/10/20
705,orange,-20,435-84 C,CAUD,35.5,65.2,,2/10/20
706,orange,-20,207-2005 A,RUBR,14.5,30.2,,2/10/20
707,orange,-20,699-89 A,CAMP,26.2,49.9,,2/10/20
708,orange,-20,207-2005 A,RUBR,30.9,49.1,,2/10/20
711,orange,-20,530-2008 A,SACC,15.4,47.1,,2/10/20
712,orange,-20,530-2008 A,SACC,25.8,73.8,,2/10/20
714,orange,-20,78-2000 B,TATA,19.6,43,,2/10/20
716,orange,-20,699-89 A,CAMP,23.7,44.9,,2/10/20
718,orange,-20,31-73 B,HYRC,23.1,41,,2/10/20
719,orange,-20,666-94 A,DAVI,35.4,62.5,,2/10/20
723,orange,-20,666-94 A,DAVI,33.3,56,,2/10/20
724,orange,-20,78-2000 B,TATA,18.2,48.7,,2/10/20
725,orange,-20,31-73 B,HYRC,21,35.3,,2/10/20
729,orange,-20,78-2000 B,TATA,22,53.4,,2/10/20
730,orange,-20,31-73 B,HYRC,18.8,31.5,,2/10/20
731,orange,-20,666-94 A,DAVI,32.4,52.6,,2/10/20
102,red,-10,31-73 B,HYRC,17.4,37.4,,2/10/20
112,red,-10,78-2000 B,TATA,23.2,61,,2/10/20
115,red,-10,435-84 A,CAUD,21.6,82.3,,2/10/20
118,red,-10,31-73 B,HYRC,20.8,45.1,,2/10/20
121,red,-10,699-89 A,CAMP,23.9,60.9,,2/10/20
126,red,-10,115-2000 A,TATA,18.7,35,,2/10/20
127,red,-10,435-84 A,CAUD,14.4,63.2,,2/10/20
641,red,-10,115-2000 A,TATA,13.1,27.8,,2/10/20
642,red,-10,379-2007 A,CAMP,23.8,47.7,,2/10/20
643,red,-10,78-2000 B,TATA,20.3,55.6,,2/10/20
644,red,-10,435-84 A,CAUD,16.6,62.9,,2/10/20
645,red,-10,115-2000 A,TATA,9.9,22,,2/10/20
646,red,-10,31-73 B,HYRC,13.1,28.2,,2/10/20
647,red,-10,Weld2,PLAT,16.3,44.5,,2/10/20
648,red,-10,530-2008 A,SACC,11.8,38.3,,2/10/20
649,red,-10,435-84 C,CAUD,13,40.4,,2/10/20
650,red,-10,530-2008 A,SACC,20.1,56.8,,2/10/20
651,red,-10,172-2001 B,CAMP,22.6,55.9,,2/10/20
652,red,-10,207-2005 A,RUBR,12.6,22.5,,2/10/20
653,red,-10,435-84 C,CAUD,13.7,52.5,,2/10/20
654,red,-10,666-94 A,DAVI,14.6,46.3,,2/10/20
655,red,-10,172-2001 B,CAMP,25,63.3,,2/10/20
656,red,-10,Weld2,PLAT,36.1,78.5,,2/10/20
657,red,-10,207-2005 A,RUBR,14.9,38.6,,2/10/20
658,red,-10,124-2005 C,SPIC,10.7,32.2,,2/10/20
659,red,-10,207-2005 A,RUBR,15.3,34.4,,2/10/20
660,red,-10,246-2010 A,SACC,21.3,51.2,,2/10/20
661,red,-10,699-89 A,CAMP,12.8,33.7,,2/10/20
662,red,-10,699-89 A,CAMP,23,66.6,,2/10/20
663,red,-10,Weld2,PLAT,14.6,33.1,,2/10/20
664,red,-10,78-2000 B,TATA,18.6,52.8,,2/10/20
665,red,-10,530-2008 A,SACC,18.7,52.8,,2/10/20
666,red,-10,172-2001 B,CAMP,25,62.3,,2/10/20
667,red,-10,126-2003 B,DAVI,15,48.6,,2/10/20
668,red,-10,126-2003 B,DAVI,17.6,76.4,,2/10/20
669,red,-10,435-84 C,CAUD,18.8,53.4,,2/10/20
670,red,-10,379-2007 A,CAMP,26.1,51.8,,2/10/20
671,red,-10,126-2003 B,DAVI,17.1,70.1,,2/10/20
672,red,-10,246-2010 A,SACC,11.9,24.2,,2/10/20
673,red,-10,124-2005 C,SPIC,12.6,45.7,,2/10/20
674,red,-10,Weld3,PLAT,26.9,67.8,,2/10/20
675,red,-10,Weld3,PLAT,17.3,36.9,,2/10/20
676,red,-10,666-94 A,DAVI,13.3,44.9,,2/10/20
677,red,-10,124-2005 C,SPIC,22.2,66.8,,2/10/20
678,red,-10,666-94 A,DAVI,8,28.4,,2/10/20
679,red,-10,Weld3,PLAT,16.1,36.3,,2/10/20
680,red,-10,246-2010 A,SACC,11.7,25.4,,2/10/20
681,red,-10,197-2001 A,NEGU,23.3,95.6,,2/10/20
682,red,-10,197-2001 A,NEGU,23.3,80.1,,2/10/20
683,red,-10,750-55 B,PSEP,32.3,115.5,,2/10/20
684,red,-10,197-2001 A,NEGU,18.3,64.4,,2/10/20
685,red,-10,750-55 B,PSEP,36.1,123.3,,2/10/20
686,red,-10,379-2007 A,CAMP,19.2,37.2,,2/10/20
687,red,-10,750-55 B,PSEP,30.2,126.4,,2/10/20
153,orange,4,246-2010 A,SACC,14.1,39.1,70.5,2/10/20
156,orange,4,Weld2,PLAT,31.3,84.5,140.1,2/10/20
159,orange,4,172-2001 B,CAMP,26.4,80.5,173,2/10/20
162,orange,4,Weld3,PLAT,19,50.9,100.3,2/10/20
164,orange,4,246-2010 A,SACC,12.1,38,62,2/10/20
165,orange,4,750-55 B,PSEP,29.3,108.2,248.5,2/10/20
165,orange,4,435-84 A,CAUD,31.1,52.5,81.6,2/10/20
167,orange,4,246-2010 A,SACC,15,52.6,89.6,2/10/20
174,orange,4,197-2001 A,NEGU,16.4,53.1,142.4,2/10/20
177,orange,4,172-2001 B,CAMP,28.8,78,173.7,2/10/20
180,orange,4,197-2001 A,NEGU,17.4,87,161.9,2/10/20
184,orange,4,Weld3,PLAT,26.1,71.5,136.7,2/10/20
185,orange,4,124-2005 C,SPIC,13,41.5,68.7,2/10/20
186,orange,4,435-84 C,CAUD,15.8,63,115.2,2/10/20
188,orange,4,197-2001 A,NEGU,31.5,152.3,216,2/10/20
194,orange,4,124-2005 C,SPIC,13.4,46.7,94.1,2/10/20
195,orange,4,379-2007 A,CAMP,22.6,38.7,74,2/10/20
196,orange,4,115-2000 A,TATA,14.4,74.1,73.9,2/10/20
201,orange,4,172-2001 B,CAMP,24,75.6,172.6,2/10/20
203,orange,4,379-2007 A,CAMP,20.2,42.7,70,2/10/20
214,orange,4,124-2005 C,SPIC,13.1,44.9,81.4,2/10/20
215,orange,4,435-84 C,CAUD,17.5,73.9,104.3,2/10/20
216,orange,4,115-2000 A,TATA,10.2,20.4,51.8,2/10/20
225,orange,4,379-2007 A,CAMP,19.2,42.2,66.6,2/10/20
226,orange,4,750-55 B,PSEP,30.1,138.5,273.5,2/10/20
227,orange,4,750-55 B,PSEP,30.2,125,211.6,2/10/20
237,orange,4,126-2003 B,DAVI,13.2,56.8,78.7,2/10/20
249,orange,4,Weld2,PLAT,18.6,49.4,88.1,2/10/20
251,orange,4,126-2003 B,DAVI,15.6,63.6,98.7,2/10/20
253,orange,4,126-2003 B,DAVI,12.4,59.5,NA,2/10/20
254,orange,4,Weld2,PLAT,18.8,43.7,77,2/10/20
256,orange,4,Weld3,PLAT,21.2,50.7,94.8,2/10/20
689,orange,4,115-2000 A,TATA,8.8,24.4,44.7,2/10/20
690,orange,4,31-73 B,HYRC,11.1,33,65.9,2/10/20
692,orange,4,435-84 A,CAUD,12.1,68.9,104.6,2/10/20
693,orange,4,435-84 C,CAUD,6.1,29.3,44.5,2/10/20
694,orange,4,207-2005 A,RUBR,10.3,35.9,68.3,2/10/20
695,orange,4,435-84 A,CAUD,14.6,76.9,128.6,2/10/20
698,orange,4,78-2000 B,TATA,14.7,43.9,80.7,2/10/20
701,orange,4,78-2000 B,TATA,14.4,37,64.8,2/10/20
702,orange,4,78-2000 B,TATA,20.6,60.8,105.7,2/10/20
703,orange,4,207-2005 A,RUBR,12.5,40,75.4,2/10/20
704,orange,4,207-2005 A,RUBR,14.6,49.5,94.5,2/10/20
709,orange,4,31-73 B,HYRC,9.5,24.4,81.4,2/10/20
710,orange,4,699-89 A,CAMP,14.9,40.8,89.2,2/10/20
713,orange,4,530-2008 A,SACC,14.9,45.3,103.3,2/10/20
715,orange,4,699-89 A,CAMP,13.7,47,81.4,2/10/20
717,orange,4,666-94 A,DAVI,12,45.9,81.6,2/10/20
720,orange,4,31-73 B,HYRC,15.4,39.2,102.6,2/10/20
721,orange,4,666-94 A,DAVI,13.8,41.7,74.5,2/10/20
722,orange,4,530-2008 A,SACC,11.4,36.9,121.4,2/10/20
726,orange,4,699-89 A,CAMP,18.3,60,138.3,2/10/20
727,orange,4,530-2008 A,SACC,16.7,59.6,138.7,2/10/20
728,orange,4,666-94 A,DAVI,12.4,47.6,83.6,2/10/20
575,blue,-80,115-76 A,TATA,22.3,26.4,,2/10/20
584,blue,-80,115-76 A,TATA,29.8,40.6,,2/10/20
613,blue,-80,115-76 A,TATA,16.4,21,,2/10/20
520,blue,-60,115-76 A,TATA,23.7,31.7,,2/10/20
538,blue,-60,115-76 A,TATA,20.7,28.4,,2/10/20
585,blue,-60,115-76 A,TATA,20.5,28.3,,2/10/20
386,green,-40,115-76 A,TATA,21,30,,2/10/20
421,green,-40,115-76 A,TATA,19.4,25.2,,2/10/20
423,green,-40,115-76 A,TATA,36.4,47,,2/10/20
304,yellow,-30,115-76 A,TATA,15.3,21.7,,2/10/20
307,yellow,-30,115-76 A,TATA,16.8,24.7,,2/10/20
311,yellow,-30,115-76 A,TATA,15,23,,2/10/20
129,orange,-20,115-76 A,TATA,13.3,19.6,,2/10/20
134,orange,-20,115-76 A,TATA,11.4,17.3,,2/10/20
147,orange,-20,115-76 A,TATA,16.1,24.7,,2/10/20
55,red,-10,115-76 A,TATA,12.4,20.2,,2/10/20
74,red,-10,115-76 A,TATA,9.7,17.8,,2/10/20
91,red,-10,115-76 A,TATA,12.8,27.8,,2/10/20
37,red,4,115-76 A,TATA,11,31.9,62.7,2/10/20
38,red,4,115-76 A,TATA,8.7,17.3,38,2/10/20
80,red,4,115-76 A,TATA,14.1,24.5,NA,2/10/20
525,blue,-80,122-2003 B,DAVI,36.4,48.7,,2/10/20
526,blue,-80,122-2003 B,DAVI,58,77.2,,2/10/20
557,blue,-80,122-2003 B,DAVI,34.1,45.6,,2/10/20
528,blue,-60,122-2003 B,DAVI,35.7,45.4,,2/10/20
550,blue,-60,122-2003 B,DAVI,52.4,60.7,,2/10/20
565,blue,-60,122-2003 B,DAVI,53,71,,2/10/20
395,green,-40,122-2003 B,DAVI,29.7,42.8,,2/10/20
414,green,-40,122-2003 B,DAVI,41.5,53.2,,2/10/20
492,green,-40,122-2003 B,DAVI,40.8,50.4,,2/10/20
285,yellow,-30,122-2003 B,DAVI,47.2,62.5,,2/10/20
286,yellow,-30,122-2003 B,DAVI,45.8,57,,2/10/20
299,yellow,-30,122-2003 B,DAVI,53.8,68.9,,2/10/20
144,orange,-20,122-2003 B,DAVI,28.8,48.1,,2/10/20
219,orange,-20,122-2003 B,DAVI,42.9,58.7,,2/10/20
234,orange,-20,122-2003 B,DAVI,27.5,NA,,2/10/20
7,red,-10,122-2003 B,DAVI,13.1,55.3,,2/10/20
47,red,-10,122-2003 B,DAVI,11.4,36.6,,2/10/20
48,red,-10,122-2003 B,DAVI,11.9,39.8,,2/10/20
20,red,4,122-2003 B,DAVI,9.3,45.1,66.8,2/10/20
33,red,4,122-2003 B,DAVI,9.6,40.2,60,2/10/20
105,red,4,122-2003 B,DAVI,11.1,37.1,68.1,2/10/20
626,blue,-80,1187-2006 B,SACC,34,45.8,,2/10/20
628,blue,-80,1187-2006 B,SACC,29.1,34.4,,2/10/20
629,blue,-80,1187-2006 B,SACC,60,85.4,,2/10/20
519,blue,-60,1187-2006 B,SACC,32.4,47,,2/10/20
543,blue,-60,1187-2006 B,SACC,35.1,53.3,,2/10/20
638,blue,-60,1187-2006 B,SACC,33.3,53,,2/10/20
409,green,-40,1187-2006 B,SACC,32.4,42.6,,2/10/20
484,green,-40,1187-2006 B,SACC,44.2,58.9,,2/10/20
495,green,-40,1187-2006 B,SACC,41.5,54.4,,2/10/20
326,yellow,-30,1187-2006 B,SACC,35.6,51,,2/10/20
339,yellow,-30,1187-2006 B,SACC,35.5,59.7,,2/10/20
350,yellow,-30,1187-2006 B,SACC,28.4,45.5,,2/10/20
133,orange,-20,1187-2006 B,SACC,32.3,61.9,,2/10/20
204,orange,-20,1187-2006 B,SACC,41.5,82.2,,2/10/20
236,orange,-20,1187-2006 B,SACC,20.9,35.7,,2/10/20
77,red,-10,1187-2006 B,SACC,19.6,34.7,,2/10/20
107,red,-10,1187-2006 B,SACC,18.1,40,,2/10/20
113,red,-10,1187-2006 B,SACC,29.6,75.4,,2/10/20
75,red,4,1187-2006 B,SACC,17.2,44.8,79.1,2/10/20
100,red,4,1187-2006 B,SACC,17.8,47.3,95.5,2/10/20
120,red,4,1187-2006 B,SACC,11.4,25.1,55.3,2/10/20
563,blue,-80,19634 A,PSEP,73.3,115.9,,2/10/20
595,blue,-80,19634 A,PSEP,72.1,103.7,,2/10/20
623,blue,-80,19634 A,PSEP,74.7,106.8,,2/10/20
558,blue,-60,19634 A,PSEP,108.1,181.8,,2/10/20
560,blue,-60,19634 A,PSEP,134.4,179.8,,2/10/20
588,blue,-60,19634 A,PSEP,65.6,102.6,,2/10/20
398,green,-40,19634 A,PSEP,64.1,85.4,,2/10/20
426,green,-40,19634 A,PSEP,61.1,93.9,,2/10/20
491,green,-40,19634 A,PSEP,105.8,145.6,,2/10/20
258,yellow,-30,19634 A,PSEP,68.5,110.1,,2/10/20
259,yellow,-30,19634 A,PSEP,64.1,97.6,,2/10/20
349,yellow,-30,19634 A,PSEP,74.9,106.5,,2/10/20
206,orange,-20,19634 A,PSEP,32.2,68.2,,2/10/20
207,orange,-20,19634 A,PSEP,36.6,65.2,,2/10/20
224,orange,-20,19634 A,PSEP,56.9,123.2,,2/10/20
14,red,-10,19634 A,PSEP,17.2,53.2,,2/10/20
16,red,-10,19634 A,PSEP,22.7,68.1,,2/10/20
18,red,-10,19634 A,PSEP,20.9,109.5,,2/10/20
1,red,4,19634 A,PSEP,17.5,53.6,117,2/10/20
3,red,4,19634 A,PSEP,12.1,65.3,131,2/10/20
83,red,4,19634 A,PSEP,25.7,84.1,138.7,2/10/20
522,blue,-80,22858 B,PSEP,71.6,94.9,,2/10/20
535,blue,-80,22858 B,PSEP,99.4,137.7,,2/10/20
545,blue,-80,22858 B,PSEP,112.1,138.3,,2/10/20
517,blue,-60,22858 B,PSEP,82.8,120,,2/10/20
530,blue,-60,22858 B,PSEP,100.5,146,,2/10/20
569,blue,-60,22858 B,PSEP,97,133.9,,2/10/20
446,green,-40,22858 B,PSEP,76,103.2,,2/10/20
466,green,-40,22858 B,PSEP,107.3,139.5,,2/10/20
485,green,-40,22858 B,PSEP,82.9,103.8,,2/10/20
313,yellow,-30,22858 B,PSEP,89.2,124.9,,2/10/20
355,yellow,-30,22858 B,PSEP,95.7,131.3,,2/10/20
372,yellow,-30,22858 B,PSEP,63.5,102.9,,2/10/20
143,orange,-20,22858 B,PSEP,47.4,118,,2/10/20
217,orange,-20,22858 B,PSEP,53.5,118.2,,2/10/20
242,orange,-20,22858 B,PSEP,61,126.6,,2/10/20
50,red,-10,22858 B,PSEP,29,97.4,,2/10/20
69,red,-10,22858 B,PSEP,22.8,92,,2/10/20
106,red,-10,22858 B,PSEP,28.7,115.2,,2/10/20
69,red,4,22858 B,PSEP,22.7,75.1,213.8,2/10/20
78,red,4,22858 B,PSEP,23.7,93.3,214.8,2/10/20
88,red,4,22858 B,PSEP,17.1,97.8,206.3,2/10/20
594,blue,-80,253-2013 A,NEGU,24.2,42,,2/10/20
610,blue,-80,253-2013 A,NEGU,36.4,58.1,,2/10/20
624,blue,-80,253-2013 A,NEGU,52.1,97.7,,2/10/20
586,blue,-60,253-2013 A,NEGU,48.6,78.4,,2/10/20
592,blue,-60,253-2013 A,NEGU,58.7,88.2,,2/10/20
616,blue,-60,253-2013 A,NEGU,58.8,91.1,,2/10/20
407,green,-40,253-2013 A,NEGU,31.7,43.5,,2/10/20
451,green,-40,253-2013 A,NEGU,41.5,61.2,,2/10/20
465,green,-40,253-2013 A,NEGU,36.6,52,,2/10/20
257,yellow,-30,253-2013 A,NEGU,44.5,66,,2/10/20
316,yellow,-30,253-2013 A,NEGU,39.2,57.6,,2/10/20
347,yellow,-30,253-2013 A,NEGU,37.9,51.9,,2/10/20
172,orange,-20,253-2013 A,NEGU,49.4,87.2,,2/10/20
209,orange,-20,253-2013 A,NEGU,23.7,40.6,,2/10/20
235,orange,-20,253-2013 A,NEGU,40.9,73.4,,2/10/20
17,red,-10,253-2013 A,NEGU,162.8,219.1,,2/10/20
28,red,-10,253-2013 A,NEGU,15.4,51.4,,2/10/20
53,red,-10,253-2013 A,NEGU,13.5,33.9,,2/10/20
6,red,4,253-2013 A,NEGU,17.1,63.3,129.4,2/10/20
13,red,4,253-2013 A,NEGU,170.7,222.9,247,2/10/20
29,red,4,253-2013 A,NEGU,17.6,66.6,112.3,2/10/20
561,blue,-80,253-2013 B,NEGU,61.7,84.4,,2/10/20
573,blue,-80,253-2013 B,NEGU,97.9,173.2,,2/10/20
589,blue,-80,253-2013 B,NEGU,63.3,105.6,,2/10/20
581,blue,-60,253-2013 B,NEGU,57.2,82.7,,2/10/20
593,blue,-60,253-2013 B,NEGU,58.6,86.8,,2/10/20
598,blue,-60,253-2013 B,NEGU,55.4,80,,2/10/20
424,green,-40,253-2013 B,NEGU,61.6,80.4,,2/10/20
447,green,-40,253-2013 B,NEGU,72,107.8,,2/10/20
481,green,-40,253-2013 B,NEGU,59.3,70.3,,2/10/20
306,yellow,-30,253-2013 B,NEGU,63.9,98.6,,2/10/20
308,yellow,-30,253-2013 B,NEGU,58.3,84.1,,2/10/20
310,yellow,-30,253-2013 B,NEGU,64.9,92.5,,2/10/20
130,orange,-20,253-2013 B,NEGU,52.6,97.9,,2/10/20
132,orange,-20,253-2013 B,NEGU,58.7,103.6,,2/10/20
233,orange,-20,253-2013 B,NEGU,47.2,NA,,2/10/20
2,red,-10,253-2013 B,NEGU,23.3,57.7,,2/10/20
5,red,-10,253-2013 B,NEGU,32.3,90.5,,2/10/20
15,red,-10,253-2013 B,NEGU,25.8,75,,2/10/20
4,red,4,253-2013 B,NEGU,19.2,73.8,129.2,2/10/20
31,red,4,253-2013 B,NEGU,22.8,72.3,147.2,2/10/20
63,red,4,253-2013 B,NEGU,20.4,78.1,NA,2/10/20
515,blue,-80,270-2010 A,SPIC,19.6,33.5,,2/10/20
564,blue,-80,270-2010 A,SPIC,22.9,37.4,,2/10/20
567,blue,-80,270-2010 A,SPIC,20.3,32.8,,2/10/20
531,blue,-60,270-2010 A,SPIC,19.4,29.3,,2/10/20
555,blue,-60,270-2010 A,SPIC,21.2,36,,2/10/20
566,blue,-60,270-2010 A,SPIC,26.1,36.4,,2/10/20
472,green,-40,270-2010 A,SPIC,30.2,41,,2/10/20
477,green,-40,270-2010 A,SPIC,23.2,34,,2/10/20
497,green,-40,270-2010 A,SPIC,19,27,,2/10/20
312,yellow,-30,270-2010 A,SPIC,15.9,28.5,,2/10/20
333,yellow,-30,270-2010 A,SPIC,12.3,21.7,,2/10/20
369,yellow,-30,270-2010 A,SPIC,20,36,,2/10/20
208,orange,-20,270-2010 A,SPIC,13.3,26.5,,2/10/20
222,orange,-20,270-2010 A,SPIC,13.2,26.8,,2/10/20
245,orange,-20,270-2010 A,SPIC,14.8,28.1,,2/10/20
10,red,-10,270-2010 A,SPIC,8.1,20.8,,2/10/20
11,red,-10,270-2010 A,SPIC,12.7,33.7,,2/10/20
57,red,-10,270-2010 A,SPIC,13.1,29.5,,2/10/20
9,red,4,270-2010 A,SPIC,11.5,22.7,54.8,2/10/20
43,red,4,270-2010 A,SPIC,6.9,18.4,39.4,2/10/20
44,red,4,270-2010 A,SPIC,8.7,27.3,45.9,2/10/20
514,blue,-80,31-73 A,HYRC,24.8,35,,2/10/20
549,blue,-80,31-73 A,HYRC,24.1,36.2,,2/10/20
636,blue,-80,31-73 A,HYRC,43.9,64.2,,2/10/20
603,blue,-60,31-73 A,HYRC,28.6,41.5,,2/10/20
606,blue,-60,31-73 A,HYRC,23.2,36.4,,2/10/20
608,blue,-60,31-73 A,HYRC,26.6,43.7,,2/10/20
427,green,-40,31-73 A,HYRC,47.5,56.3,,2/10/20
431,green,-40,31-73 A,HYRC,32,38.3,,2/10/20
456,green,-40,31-73 A,HYRC,33.9,42.3,,2/10/20
288,yellow,-30,31-73 A,HYRC,23,35.5,,2/10/20
297,yellow,-30,31-73 A,HYRC,28.6,42.6,,2/10/20
298,yellow,-30,31-73 A,HYRC,20.9,34.7,,2/10/20
139,orange,-20,31-73 A,HYRC,23.3,43.2,,2/10/20
210,orange,-20,31-73 A,HYRC,17.5,36.4,,2/10/20
212,orange,-20,31-73 A,HYRC,19.9,36.1,,2/10/20
59,red,-10,31-73 A,HYRC,13.5,34.9,,2/10/20
124,red,-10,31-73 A,HYRC,12.1,30.9,,2/10/20
125,red,-10,31-73 A,HYRC,13.9,34.3,,2/10/20
67,red,4,31-73 A,HYRC,9.3,26.9,61,2/10/20
73,red,4,31-73 A,HYRC,14.6,42,81.7,2/10/20
104,red,4,31-73 A,HYRC,16.7,45.7,96.7,2/10/20
617,blue,-80,31-73 C,HYRC,52.8,75.4,,2/10/20
625,blue,-80,31-73 C,HYRC,23.7,30.6,,2/10/20
639,blue,-80,31-73 C,HYRC,36.7,32.5,,2/10/20
524,blue,-60,31-73 C,HYRC,27.4,40.9,,2/10/20
602,blue,-60,31-73 C,HYRC,26.8,41.5,,2/10/20
630,blue,-60,31-73 C,HYRC,28.8,41.8,,2/10/20
473,green,-40,31-73 C,HYRC,38.5,50.2,,2/10/20
483,green,-40,31-73 C,HYRC,28.5,37.6,,2/10/20
499,green,-40,31-73 C,HYRC,39.3,49.2,,2/10/20
261,yellow,-30,31-73 C,HYRC,23.3,36,,2/10/20
276,yellow,-30,31-73 C,HYRC,24.4,42.1,,2/10/20
323,yellow,-30,31-73 C,HYRC,23.9,43.7,,2/10/20
141,orange,-20,31-73 C,HYRC,24.1,46.8,,2/10/20
232,orange,-20,31-73 C,HYRC,20.1,30.1,,2/10/20
248,orange,-20,31-73 C,HYRC,24.1,38.7,,2/10/20
103,red,-10,31-73 C,HYRC,23.5,42.1,,2/10/20
116,red,-10,31-73 C,HYRC,24.5,52.3,,2/10/20
128,red,-10,31-73 C,HYRC,19,38,,2/10/20
70,red,4,31-73 C,HYRC,20.1,43.4,75.2,2/10/20
84,red,4,31-73 C,HYRC,23.9,46.9,96.8,2/10/20
110,red,4,31-73 C,HYRC,20.2,38.7,81.2,2/10/20
572,blue,-80,316-97 A,TEGM,33,51.4,,2/10/20
579,blue,-80,316-97 A,TEGM,38.9,59.9,,2/10/20
596,blue,-80,316-97 A,TEGM,22.5,37.7,,2/10/20
523,blue,-60,316-97 A,TEGM,37.4,58.2,,2/10/20
544,blue,-60,316-97 A,TEGM,22.3,32.1,,2/10/20
599,blue,-60,316-97 A,TEGM,35.6,48.8,,2/10/20
444,green,-40,316-97 A,TEGM,52.2,64.9,,2/10/20
464,green,-40,316-97 A,TEGM,40.5,55.7,,2/10/20
478,green,-40,316-97 A,TEGM,48.3,58.2,,2/10/20
287,yellow,-30,316-97 A,TEGM,23.8,32.8,,2/10/20
314,yellow,-30,316-97 A,TEGM,19.3,30,,2/10/20
337,yellow,-30,316-97 A,TEGM,36.3,62.6,,2/10/20
220,orange,-20,316-97 A,TEGM,42.1,61.2,,2/10/20
230,orange,-20,316-97 A,TEGM,29.2,45.7,,2/10/20
247,orange,-20,316-97 A,TEGM,25.1,45.4,,2/10/20
25,red,-10,316-97 A,TEGM,11.6,30.4,,2/10/20
64,red,-10,316-97 A,TEGM,13.1,35.7,,2/10/20
66,red,-10,316-97 A,TEGM,12.7,28,,2/10/20
65,red,4,316-97 A,TEGM,14.3,48.4,88.1,2/10/20
86,red,4,316-97 A,TEGM,9.4,32.1,58.2,2/10/20
92,red,4,316-97 A,TEGM,12.4,39,77.3,2/10/20
521,blue,-80,316-97 B,TEGM,56.6,73.5,,2/10/20
546,blue,-80,316-97 B,TEGM,45.7,65.9,,2/10/20
562,blue,-80,316-97 B,TEGM,47.6,62.4,,2/10/20
580,blue,-60,316-97 B,TEGM,56,73.3,,2/10/20
590,blue,-60,316-97 B,TEGM,77.7,101.5,,2/10/20
600,blue,-60,316-97 B,TEGM,42.6,55.8,,2/10/20
396,green,-40,316-97 B,TEGM,42.3,55.1,,2/10/20
401,green,-40,316-97 B,TEGM,57.8,79.4,,2/10/20
442,green,-40,316-97 B,TEGM,61.6,85.5,,2/10/20
303,yellow,-30,316-97 B,TEGM,44.5,63.6,,2/10/20
341,yellow,-30,316-97 B,TEGM,45.9,74.2,,2/10/20
373,yellow,-30,316-97 B,TEGM,49.6,85.6,,2/10/20
205,orange,-20,316-97 B,TEGM,34.1,65.8,,2/10/20
243,orange,-20,316-97 B,TEGM,45,62.2,,2/10/20
244,orange,-20,316-97 B,TEGM,32,56.5,,2/10/20
56,red,-10,316-97 B,TEGM,24.1,64.8,,2/10/20
61,red,-10,316-97 B,TEGM,28.6,68.3,,2/10/20
81,red,-10,316-97 B,TEGM,25.6,51.3,,2/10/20
40,red,4,316-97 B,TEGM,26.6,67.9,117.2,2/10/20
51,red,4,316-97 B,TEGM,19.5,63.8,106.8,2/10/20
60,red,4,316-97 B,TEGM,26.1,64.5,112.4,2/10/20
587,blue,-80,33-95 B,TEGM,40.7,55.9,,2/10/20
612,blue,-80,33-95 B,TEGM,50.8,72.7,,2/10/20
620,blue,-80,33-95 B,TEGM,69,94.6,,2/10/20
571,blue,-60,33-95 B,TEGM,52.5,76,,2/10/20
583,blue,-60,33-95 B,TEGM,64.1,88.2,,2/10/20
591,blue,-60,33-95 B,TEGM,61,91.1,,2/10/20
402,green,-40,33-95 B,TEGM,43.7,59.9,,2/10/20
462,green,-40,33-95 B,TEGM,62.2,80.6,,2/10/20
482,green,-40,33-95 B,TEGM,59.7,78,,2/10/20
301,yellow,-30,33-95 B,TEGM,42.1,62.8,,2/10/20
319,yellow,-30,33-95 B,TEGM,42.8,75,,2/10/20
324,yellow,-30,33-95 B,TEGM,46.5,69.3,,2/10/20
138,orange,-20,33-95 B,TEGM,45.3,70.6,,2/10/20
140,orange,-20,33-95 B,TEGM,31.8,50.7,,2/10/20
221,orange,-20,33-95 B,TEGM,38.4,69.6,,2/10/20
49,red,-10,33-95 B,TEGM,21.6,62.9,,2/10/20
54,red,-10,33-95 B,TEGM,24.7,59.6,,2/10/20
71,red,-10,33-95 B,TEGM,24.1,54.1,,2/10/20
82,red,4,33-95 B,TEGM,11.1,55.1,94.5,2/10/20
87,red,4,33-95 B,TEGM,12.7,38.6,75,2/10/20
93,red,4,33-95 B,TEGM,11.6,46.2,90.4,2/10/20
542,blue,-80,435-84 B,CAUD,46,50.6,,2/10/20
574,blue,-80,435-84 B,CAUD,44.9,52.2,,2/10/20
631,blue,-80,435-84 B,CAUD,36,47.2,,2/10/20
518,blue,-60,435-84 B,CAUD,41.7,46.4,,2/10/20
548,blue,-60,435-84 B,CAUD,35.8,41.1,,2/10/20
577,blue,-60,435-84 B,CAUD,32.1,36.8,,2/10/20
385,green,-40,435-84 B,CAUD,43.2,48.3,,2/10/20
406,green,-40,435-84 B,CAUD,38,41.4,,2/10/20
479,green,-40,435-84 B,CAUD,39,47.7,,2/10/20
305,yellow,-30,435-84 B,CAUD,25.9,40.7,,2/10/20
332,yellow,-30,435-84 B,CAUD,38.4,45.4,,2/10/20
340,yellow,-30,435-84 B,CAUD,23.2,46.1,,2/10/20
145,orange,-20,435-84 B,CAUD,33.5,42.6,,2/10/20
149,orange,-20,435-84 B,CAUD,46.4,67.3,,2/10/20
150,orange,-20,435-84 B,CAUD,32.3,41.3,,2/10/20
39,red,-10,435-84 B,CAUD,39.8,32,,2/10/20
94,red,-10,435-84 B,CAUD,12.4,28.2,,2/10/20
99,red,-10,435-84 B,CAUD,15.2,50.8,,2/10/20
42,red,4,435-84 B,CAUD,7.5,31.7,46.6,2/10/20
45,red,4,435-84 B,CAUD,15,55.1,106.6,2/10/20
98,red,4,435-84 B,CAUD,8.3,24.1,79.2,2/10/20
601,blue,-80,524-2009 A,RUBR,47.5,60.7,,2/10/20
614,blue,-80,524-2009 A,RUBR,43.6,64.4,,2/10/20
615,blue,-80,524-2009 A,RUBR,40.5,53.3,,2/10/20
539,blue,-60,524-2009 A,RUBR,49.7,70.9,,2/10/20
618,blue,-60,524-2009 A,RUBR,40.6,60.6,,2/10/20
627,blue,-60,524-2009 A,RUBR,46.1,73,,2/10/20
452,green,-40,524-2009 A,RUBR,44.3,56.3,,2/10/20
468,green,-40,524-2009 A,RUBR,46.3,64.2,,2/10/20
496,green,-40,524-2009 A,RUBR,56.1,75.9,,2/10/20
262,yellow,-30,524-2009 A,RUBR,48.9,78.5,,2/10/20
273,yellow,-30,524-2009 A,RUBR,33.4,49.3,,2/10/20
346,yellow,-30,524-2009 A,RUBR,55,80.4,,2/10/20
142,orange,-20,524-2009 A,RUBR,41.2,66.9,,2/10/20
240,orange,-20,524-2009 A,RUBR,25.4,48.3,,2/10/20
241,orange,-20,524-2009 A,RUBR,25.1,44.5,,2/10/20
108,red,-10,524-2009 A,RUBR,23.1,45.7,,2/10/20
109,red,-10,524-2009 A,RUBR,27,44.5,,2/10/20
114,red,-10,524-2009 A,RUBR,22.5,49.8,,2/10/20
101,red,4,524-2009 A,RUBR,17.2,35.9,90.5,2/10/20
111,red,4,524-2009 A,RUBR,21.8,55.5,114,2/10/20
117,red,4,524-2009 A,RUBR,21.2,48.9,106,2/10/20
597,blue,-80,567-2008 B,RUBR,14.8,24.2,,2/10/20
611,blue,-80,567-2008 B,RUBR,19.3,31.5,,2/10/20
622,blue,-80,567-2008 B,RUBR,37.5,52.7,,2/10/20
570,blue,-60,567-2008 B,RUBR,31.1,40.8,,2/10/20
576,blue,-60,567-2008 B,RUBR,41,56.4,,2/10/20
582,blue,-60,567-2008 B,RUBR,39.5,49.9,,2/10/20
393,green,-40,567-2008 B,RUBR,27.4,38.4,,2/10/20
400,green,-40,567-2008 B,RUBR,43.6,58.2,,2/10/20
463,green,-40,567-2008 B,RUBR,24.9,31.8,,2/10/20
321,yellow,-30,567-2008 B,RUBR,36,49.3,,2/10/20
344,yellow,-30,567-2008 B,RUBR,36.1,48.6,,2/10/20
348,yellow,-30,567-2008 B,RUBR,27.8,38.9,,2/10/20
146,orange,-20,567-2008 B,RUBR,15.1,25.9,,2/10/20
148,orange,-20,567-2008 B,RUBR,19.1,30.2,,2/10/20
169,orange,-20,567-2008 B,RUBR,26.5,41,,2/10/20
52,red,-10,567-2008 B,RUBR,12.4,24.2,,2/10/20
72,red,-10,567-2008 B,RUBR,16.2,32.4,,2/10/20
122,red,-10,567-2008 B,RUBR,11.2,22.2,,2/10/20
89,red,4,567-2008 B,RUBR,11.4,27.8,68.1,2/10/20
95,red,4,567-2008 B,RUBR,10.5,30.8,68.1,2/10/20
97,red,4,567-2008 B,RUBR,11.8,32.5,71.4,2/10/20
534,blue,-80,603-2008 A,SPIC,40.3,67.8,,2/10/20
553,blue,-80,603-2008 A,SPIC,29.7,52.5,,2/10/20
632,blue,-80,603-2008 A,SPIC,56.6,87.2,,2/10/20
513,blue,-60,603-2008 A,SPIC,60.1,79,,2/10/20
621,blue,-60,603-2008 A,SPIC,58,84.5,,2/10/20
633,blue,-60,603-2008 A,SPIC,65.6,99.3,,2/10/20
403,green,-40,603-2008 A,SPIC,68.9,87.6,,2/10/20
453,green,-40,603-2008 A,SPIC,61.9,86.8,,2/10/20
490,green,-40,603-2008 A,SPIC,33.9,46.7,,2/10/20
263,yellow,-30,603-2008 A,SPIC,45.3,76.5,,2/10/20
264,yellow,-30,603-2008 A,SPIC,54.6,89,,2/10/20
289,yellow,-30,603-2008 A,SPIC,45.3,77.6,,2/10/20
211,orange,-20,603-2008 A,SPIC,45.3,87,,2/10/20
223,orange,-20,603-2008 A,SPIC,23.7,53,,2/10/20
246,orange,-20,603-2008 A,SPIC,58.7,95,,2/10/20
21,red,-10,603-2008 A,SPIC,26.4,79,,2/10/20
85,red,-10,603-2008 A,SPIC,14.3,45.8,,2/10/20
90,red,-10,603-2008 A,SPIC,25.3,78,,2/10/20
19,red,4,603-2008 A,SPIC,17.7,72.3,124.6,2/10/20
119,red,4,603-2008 A,SPIC,14.4,59.4,100.7,2/10/20
123,red,4,603-2008 A,SPIC,19.9,80.6,139.9,2/10/20
516,blue,-80,Weld1,PLAT,50.3,59.8,,2/10/20
527,blue,-80,Weld1,PLAT,52.9,63.4,,2/10/20
556,blue,-80,Weld1,PLAT,56.3,59.7,,2/10/20
532,blue,-60,Weld1,PLAT,47.6,55.6,,2/10/20
537,blue,-60,Weld1,PLAT,59,66,,2/10/20
541,blue,-60,Weld1,PLAT,52,61,,2/10/20
410,green,-40,Weld1,PLAT,57.4,62.8,,2/10/20
471,green,-40,Weld1,PLAT,60.7,67.1,,2/10/20
489,green,-40,Weld1,PLAT,47.7,90.8,,2/10/20
274,yellow,-30,Weld1,PLAT,39.6,60.3,,2/10/20
275,yellow,-30,Weld1,PLAT,49.8,73.9,,2/10/20
329,yellow,-30,Weld1,PLAT,40,60.2,,2/10/20
135,orange,-20,Weld1,PLAT,37.7,28.2,,2/10/20
137,orange,-20,Weld1,PLAT,50.4,77.1,,2/10/20
231,orange,-20,Weld1,PLAT,31.4,53.9,,2/10/20
23,red,-10,Weld1,PLAT,25.4,52.8,,2/10/20
35,red,-10,Weld1,PLAT,27.4,55.8,,2/10/20
79,red,-10,Weld1,PLAT,29.3,64,,2/10/20
8,red,4,Weld1,PLAT,NA,48.4,74.7,2/10/20
76,red,4,Weld1,PLAT,20.7,50.7,81.2,2/10/20
96,red,4,Weld1,PLAT,26.6,63,NA,2/10/20
18,red,-10,122-2003 B,DAVI,15.9,73.8,,3/13/20
28,red,4,122-2003 B,DAVI,9.3,78.3,,3/13/20
43,red,-10,122-2003 B,DAVI,17.8,56.2,,3/13/20
54,red,4,122-2003 B,DAVI,12.3,83.2,,3/13/20
65,red,-10,122-2003 B,DAVI,14.8,65,,3/13/20
69,red,4,122-2003 B,DAVI,7,58.3,,3/13/20
138,orange,-20,122-2003 B,DAVI,48.3,67.1,,3/13/20
195,orange,-20,122-2003 B,DAVI,40,60.8,,3/13/20
208,orange,-20,122-2003 B,DAVI,47.5,71.3,,3/13/20
311,yellow,-30,122-2003 B,DAVI,62.2,80.6,,3/13/20
322,yellow,-30,122-2003 B,DAVI,50.8,60.1,,3/13/20
357,yellow,-30,122-2003 B,DAVI,57.3,73.8,,3/13/20
412,green,-40,122-2003 B,DAVI,70.5,89.9,,3/13/20
469,green,-40,122-2003 B,DAVI,56.5,73.5,,3/13/20
500,green,-40,122-2003 B,DAVI,57.1,75.6,,3/13/20
544,blue,-80,122-2003 B,DAVI,85.8,58.5,,3/13/20
545,blue,-60,122-2003 B,DAVI,49.9,80.3,,3/13/20
548,blue,-80,122-2003 B,DAVI,35.9,70.4,,3/13/20
568,blue,-60,122-2003 B,DAVI,38.9,51.5,,3/13/20
577,blue,-80,122-2003 B,DAVI,39.6,86.9,,3/13/20
593,blue,-60,122-2003 B,DAVI,75.1,68.1,,3/13/20
11,red,4,126-2003 B,DAVI,9.9,75.4,,3/13/20
68,red,-10,126-2003 B,DAVI,16.7,96.2,,3/13/20
82,red,4,126-2003 B,DAVI,5.8,68.1,,3/13/20
83,red,-10,126-2003 B,DAVI,11.3,60.1,,3/13/20
95,red,4,126-2003 B,DAVI,5.8,56.5,,3/13/20
101,red,-10,126-2003 B,DAVI,15.1,80.9,,3/13/20
165,orange,-20,126-2003 B,DAVI,41.8,92.9,,3/13/20
197,orange,-20,126-2003 B,DAVI,43.1,84.7,,3/13/20
199,orange,-20,126-2003 B,DAVI,27.8,64.5,,3/13/20
261,yellow,-30,126-2003 B,DAVI,59.7,102.1,,3/13/20
264,yellow,-30,126-2003 B,DAVI,44.5,71.6,,3/13/20
326,yellow,-30,126-2003 B,DAVI,37.7,67.5,,3/13/20
479,green,-40,126-2003 B,DAVI,52.7,71.7,,3/13/20
490,green,-40,126-2003 B,DAVI,48.8,69.3,,3/13/20
501,green,-40,126-2003 B,DAVI,50.3,84.2,,3/13/20
514,blue,-60,126-2003 B,DAVI,49,61.9,,3/13/20
549,blue,-80,126-2003 B,DAVI,35.2,70.2,,3/13/20
595,blue,-60,126-2003 B,DAVI,41.9,61.7,,3/13/20
621,blue,-80,126-2003 B,DAVI,93.9,119.6,,3/13/20
624,blue,-80,126-2003 B,DAVI,73.1,96.2,,3/13/20
631,blue,-60,126-2003 B,DAVI,47.8,61.6,,3/13/20
3,red,-10,172-2001 B,CAMP,14.3,49.1,,3/13/20
16,red,4,172-2001 B,CAMP,14,37.2,,3/13/20
20,red,4,172-2001 B,CAMP,14.1,44.7,,3/13/20
38,red,4,172-2001 B,CAMP,11.1,47.8,,3/13/20
60,red,-10,172-2001 B,CAMP,16.7,53.4,,3/13/20
88,red,-10,172-2001 B,CAMP,12.3,48.6,,3/13/20
130,orange,-20,172-2001 B,CAMP,24.9,55.4,,3/13/20
149,orange,-20,172-2001 B,CAMP,25.3,48.8,,3/13/20
179,orange,-20,172-2001 B,CAMP,24.9,52.1,,3/13/20
303,yellow,-30,172-2001 B,CAMP,43.5,67.6,,3/13/20
316,yellow,-30,172-2001 B,CAMP,44.6,66.7,,3/13/20
349,yellow,-30,172-2001 B,CAMP,25.8,40.1,,3/13/20
471,green,-40,172-2001 B,CAMP,46.6,79.1,,3/13/20
481,green,-40,172-2001 B,CAMP,35.4,45.1,,3/13/20
505,green,-40,172-2001 B,CAMP,49.5,71.2,,3/13/20
546,blue,-60,172-2001 B,CAMP,60.2,55.5,,3/13/20
564,blue,-60,172-2001 B,CAMP,38.7,46.4,,3/13/20
567,blue,-80,172-2001 B,CAMP,25.9,45.3,,3/13/20
572,blue,-60,172-2001 B,CAMP,41.8,50.1,,3/13/20
573,blue,-80,172-2001 B,CAMP,35.1,60.3,,3/13/20
630,blue,-80,172-2001 B,CAMP,40,56.7,,3/13/20
13,red,4,31-73 A,HYRC,12.6,58.3,,3/13/20
25,red,-10,31-73 A,HYRC,16.2,51.6,,3/13/20
44,red,4,31-73 A,HYRC,7.2,41.2,,3/13/20
67,red,4,31-73 A,HYRC,3.9,26.1,,3/13/20
112,red,-10,31-73 A,HYRC,12.6,42.3,,3/13/20
123,red,-10,31-73 A,HYRC,19.2,49.6,,3/13/20
224,orange,-20,31-73 A,HYRC,34.3,81.3,,3/13/20
241,orange,-20,31-73 A,HYRC,10.6,28.3,,3/13/20
247,orange,-20,31-73 A,HYRC,19.6,62.2,,3/13/20
307,yellow,-30,31-73 A,HYRC,35,49,,3/13/20
347,yellow,-30,31-73 A,HYRC,27.7,48.2,,3/13/20
374,yellow,-30,31-73 A,HYRC,20.6,30.8,,3/13/20
474,green,-40,31-73 A,HYRC,24.5,33.6,,3/13/20
502,green,-40,31-73 A,HYRC,44.8,58.6,,3/13/20
504,green,-40,31-73 A,HYRC,36.5,54,,3/13/20
515,blue,-60,31-73 A,HYRC,41.6,48,,3/13/20
526,blue,-80,31-73 A,HYRC,50.2,30,,3/13/20
528,blue,-80,31-73 A,HYRC,56.4,49.6,,3/13/20
587,blue,-80,31-73 A,HYRC,82.3,50.4,,3/13/20
604,blue,-60,31-73 A,HYRC,26.2,44.8,,3/13/20
608,blue,-60,31-73 A,HYRC,109.6,44.1,,3/13/20
21,red,4,31-73 B,HYRC,9.8,34.5,,3/13/20
53,red,4,31-73 B,HYRC,5.4,26.1,,3/13/20
63,red,4,31-73 B,HYRC,9.3,33.7,,3/13/20
73,red,-10,31-73 B,HYRC,13.9,36.6,,3/13/20
94,red,-10,31-73 B,HYRC,15.4,37.6,,3/13/20
116,red,-10,31-73 B,HYRC,14.6,44.7,,3/13/20
216,orange,-20,31-73 B,HYRC,24.3,41.1,,3/13/20
226,orange,-20,31-73 B,HYRC,26.6,50.6,,3/13/20
249,orange,-20,31-73 B,HYRC,25.4,47.8,,3/13/20
279,yellow,-30,31-73 B,HYRC,31.4,49.4,,3/13/20
290,yellow,-30,31-73 B,HYRC,40.6,46.9,,3/13/20
324,yellow,-30,31-73 B,HYRC,30.4,42.9,,3/13/20
427,green,-40,31-73 B,HYRC,26.3,42,,3/13/20
439,green,-40,31-73 B,HYRC,27.4,36.9,,3/13/20
448,green,-40,31-73 B,HYRC,44.8,64.2,,3/13/20
541,blue,-60,31-73 B,HYRC,56.6,33.8,,3/13/20
585,blue,-80,31-73 B,HYRC,36.4,51.5,,3/13/20
597,blue,-60,31-73 B,HYRC,48.4,34.2,,3/13/20
609,blue,-80,31-73 B,HYRC,35.2,33.5,,3/13/20
619,blue,-80,31-73 B,HYRC,74.2,23.7,,3/13/20
626,blue,-60,31-73 B,HYRC,29.1,38.9,,3/13/20
160,orange,-20,31-73 C,HYRC,14.1,38.5,,3/13/20
234,orange,-20,31-73 C,HYRC,17,39.7,,3/13/20
246,orange,-20,31-73 C,HYRC,27,60.5,,3/13/20
271,yellow,-30,31-73 C,HYRC,32,61.7,,3/13/20
275,yellow,-30,31-73 C,HYRC,25.3,43.6,,3/13/20
295,yellow,-30,31-73 C,HYRC,24.7,50.4,,3/13/20
413,green,-40,31-73 C,HYRC,44.1,77,,3/13/20
473,green,-40,31-73 C,HYRC,20.3,37.7,,3/13/20
498,green,-40,31-73 C,HYRC,34.7,56.3,,3/13/20
563,blue,-60,31-73 C,HYRC,38.1,51.3,,3/13/20
579,blue,-60,31-73 C,HYRC,62.1,24.8,,3/13/20
605,blue,-80,31-73 C,HYRC,34.8,50,,3/13/20
614,blue,-80,31-73 C,HYRC,29.6,26.9,,3/13/20
623,blue,-60,31-73 C,HYRC,26.1,42.4,,3/13/20
632,blue,-80,31-73 C,HYRC,21.2,38.9,,3/13/20
656,red,-10,31-73 C,HYRC,16.8,52.3,,3/13/20
676,red,4,31-73 C,HYRC,9.2,43.9,,3/13/20
677,red,4,31-73 C,HYRC,4.4,23.1,,3/13/20
683,red,-10,31-73 C,HYRC,9.5,52.4,,3/13/20
684,red,-10,31-73 C,HYRC,18.5,57.9,,3/13/20
685,red,4,31-73 C,HYRC,13.8,49.3,,3/13/20
48,red,4,379-2007 A,CAMP,8.2,34.9,,3/13/20
52,red,4,379-2007 A,CAMP,9.5,35.3,,3/13/20
77,red,4,379-2007 A,CAMP,9.2,34.4,,3/13/20
106,red,-10,379-2007 A,CAMP,15.4,49.3,,3/13/20
120,red,-10,379-2007 A,CAMP,14.2,37,,3/13/20
121,red,-10,379-2007 A,CAMP,14.9,39.9,,3/13/20
173,orange,-20,379-2007 A,CAMP,21.6,41.8,,3/13/20
177,orange,-20,379-2007 A,CAMP,27.1,54.5,,3/13/20
229,orange,-20,379-2007 A,CAMP,20,49,,3/13/20
282,yellow,-30,379-2007 A,CAMP,22.6,37.3,,3/13/20
369,yellow,-30,379-2007 A,CAMP,27.9,37.6,,3/13/20
373,yellow,-30,379-2007 A,CAMP,27.7,56.4,,3/13/20
422,green,-40,379-2007 A,CAMP,25.3,36.7,,3/13/20
425,green,-40,379-2007 A,CAMP,23.4,34.7,,3/13/20
454,green,-40,379-2007 A,CAMP,37.6,64.8,,3/13/20
522,blue,-60,379-2007 A,CAMP,92.8,37.6,,3/13/20
574,blue,-80,379-2007 A,CAMP,44.3,60.7,,3/13/20
580,blue,-60,379-2007 A,CAMP,14.1,57.5,,3/13/20
606,blue,-60,379-2007 A,CAMP,36.2,40.2,,3/13/20
629,blue,-80,379-2007 A,CAMP,29.3,43.9,,3/13/20
633,blue,-80,379-2007 A,CAMP,32.7,48.9,,3/13/20
29,red,4,435-84 A,CAUD,5.5,47.5,,3/13/20
45,red,4,435-84 A,CAUD,9.6,61.5,,3/13/20
80,red,-10,435-84 A,CAUD,23.1,47.5,,3/13/20
87,red,-10,435-84 A,CAUD,21.8,56.5,,3/13/20
104,red,-10,435-84 A,CAUD,20.3,47.6,,3/13/20
117,red,4,435-84 A,CAUD,7,52.3,,3/13/20
152,orange,-20,435-84 A,CAUD,47.3,58.2,,3/13/20
176,orange,-20,435-84 A,CAUD,36.5,45.2,,3/13/20
182,orange,-20,435-84 A,CAUD,35.9,48,,3/13/20
277,yellow,-30,435-84 A,CAUD,66.4,72.2,,3/13/20
348,yellow,-30,435-84 A,CAUD,53.5,61.5,,3/13/20
355,yellow,-30,435-84 A,CAUD,50.3,57.2,,3/13/20
467,green,-40,435-84 A,CAUD,57.7,72.4,,3/13/20
482,green,-40,435-84 A,CAUD,56,59.1,,3/13/20
486,green,-40,435-84 A,CAUD,43.1,48.9,,3/13/20
527,blue,-60,435-84 A,CAUD,23.3,57.3,,3/13/20
532,blue,-60,435-84 A,CAUD,91.7,52,,3/13/20
538,blue,-80,435-84 A,CAUD,90,46.7,,3/13/20
557,blue,-80,435-84 A,CAUD,31.8,73.8,,3/13/20
566,blue,-60,435-84 A,CAUD,28.3,39.1,,3/13/20
594,blue,-80,435-84 A,CAUD,59.4,53.5,,3/13/20
8,red,4,435-84 B,CAUD,19.3,78.9,,3/13/20
18,red,-10,435-84 B,CAUD,27.6,75.5,,3/13/20
33,red,4,435-84 B,CAUD,20,96.9,,3/13/20
57,red,4,435-84 B,CAUD,17.6,70.3,,3/13/20
91,red,-10,435-84 B,CAUD,31.5,78.1,,3/13/20
96,red,-10,435-84 B,CAUD,22.9,88,,3/13/20
168,orange,-20,435-84 B,CAUD,71.7,99.9,,3/13/20
202,orange,-20,435-84 B,CAUD,86.9,131.5,,3/13/20
239,orange,-20,435-84 B,CAUD,66.1,98,,3/13/20
276,yellow,-30,435-84 B,CAUD,73.2,95.5,,3/13/20
314,yellow,-30,435-84 B,CAUD,82.9,107.6,,3/13/20
366,yellow,-30,435-84 B,CAUD,95.5,126.9,,3/13/20
409,green,-40,435-84 B,CAUD,61,79.8,,3/13/20
453,green,-40,435-84 B,CAUD,85.3,126.2,,3/13/20
509,green,-40,435-84 B,CAUD,76.3,102.4,,3/13/20
588,blue,-80,435-84 B,CAUD,38.4,112.1,,3/13/20
589,blue,-80,435-84 B,CAUD,74.4,105.4,,3/13/20
591,blue,-80,435-84 B,CAUD,72.8,94.3,,3/13/20
592,blue,-60,435-84 B,CAUD,68.2,114.7,,3/13/20
622,blue,-60,435-84 B,CAUD,75.1,94.7,,3/13/20
638,blue,-60,435-84 B,CAUD,69.2,106.9,,3/13/20
40,red,4,435-84 C,CAUD,9.2,73,,3/13/20
42,red,-10,435-84 C,CAUD,20.4,60,,3/13/20
59,red,4,435-84 C,CAUD,11,69.9,,3/13/20
74,red,4,435-84 C,CAUD,9.8,75.7,,3/13/20
85,red,-10,435-84 C,CAUD,30.9,72.1,,3/13/20
97,red,-10,435-84 C,CAUD,41.3,92.2,,3/13/20
169,orange,-20,435-84 C,CAUD,44.3,56.8,,3/13/20
203,orange,-20,435-84 C,CAUD,58.2,85.2,,3/13/20
213,orange,-20,435-84 C,CAUD,55.2,75.9,,3/13/20
262,yellow,-30,435-84 C,CAUD,49.2,62.5,,3/13/20
285,yellow,-30,435-84 C,CAUD,72,81,,3/13/20
304,yellow,-30,435-84 C,CAUD,53.5,64.2,,3/13/20
404,green,-40,435-84 C,CAUD,80.8,107.9,,3/13/20
441,green,-40,435-84 C,CAUD,51.8,62.9,,3/13/20
476,green,-40,435-84 C,CAUD,43,56.3,,3/13/20
531,blue,-80,435-84 C,CAUD,72.8,105.8,,3/13/20
535,blue,-60,435-84 C,CAUD,51.6,113.5,,3/13/20
539,blue,-60,435-84 C,CAUD,40.9,68,,3/13/20
543,blue,-80,435-84 C,CAUD,23.8,116.2,,3/13/20
556,blue,-60,435-84 C,CAUD,33.9,50.1,,3/13/20
583,blue,-80,435-84 C,CAUD,25.3,57.1,,3/13/20
9,red,4,666-94 A,DAVI,20.8,93.7,,3/13/20
50,red,-10,666-94 A,DAVI,22.5,78.4,,3/13/20
86,red,-10,666-94 A,DAVI,26.2,90.4,,3/13/20
90,red,4,666-94 A,DAVI,22.4,79.4,,3/13/20
114,red,4,666-94 A,DAVI,18.1,69.4,,3/13/20
125,red,-10,666-94 A,DAVI,28.1,80.9,,3/13/20
204,orange,-20,666-94 A,DAVI,64.6,83.2,,3/13/20
218,orange,-20,666-94 A,DAVI,67.7,93.8,,3/13/20
223,orange,-20,666-94 A,DAVI,51.7,75.5,,3/13/20
298,yellow,-30,666-94 A,DAVI,74.7,93.4,,3/13/20
330,yellow,-30,666-94 A,DAVI,65.3,89.1,,3/13/20
333,yellow,-30,666-94 A,DAVI,61.7,74.5,,3/13/20
508,green,-40,666-94 A,DAVI,71.5,91.8,,3/13/20
510,green,-40,666-94 A,DAVI,80,102,,3/13/20
511,green,-40,666-94 A,DAVI,82,108.2,,3/13/20
530,blue,-80,666-94 A,DAVI,39.6,102.1,,3/13/20
550,blue,-80,666-94 A,DAVI,57.6,78.5,,3/13/20
558,blue,-80,666-94 A,DAVI,58.3,54.7,,3/13/20
574,blue,-60,666-94 A,DAVI,38,38.7,,3/13/20
586,blue,-60,666-94 A,DAVI,45.6,115.1,,3/13/20
628,blue,-60,666-94 A,DAVI,83.4,91.9,,3/13/20
6,red,-10,699-89 A,CAMP,9.6,46.2,,3/13/20
31,red,-10,699-89 A,CAMP,6.2,38.3,,3/13/20
70,red,4,699-89 A,CAMP,11.1,52.4,,3/13/20
72,red,4,699-89 A,CAMP,8.1,45.5,,3/13/20
107,red,-10,699-89 A,CAMP,10.1,52.5,,3/13/20
113,red,4,699-89 A,CAMP,8.1,46.1,,3/13/20
139,orange,-20,699-89 A,CAMP,10.4,37.3,,3/13/20
146,orange,-20,699-89 A,CAMP,13.7,42.1,,3/13/20
154,orange,-20,699-89 A,CAMP,10.7,33.6,,3/13/20
306,yellow,-30,699-89 A,CAMP,33.9,66.6,,3/13/20
360,yellow,-30,699-89 A,CAMP,25.8,54.2,,3/13/20
376,yellow,-30,699-89 A,CAMP,15.1,37.7,,3/13/20
414,green,-40,699-89 A,CAMP,20.3,34.8,,3/13/20
433,green,-40,699-89 A,CAMP,35.7,69.5,,3/13/20
451,green,-40,699-89 A,CAMP,28.5,50.6,,3/13/20
553,blue,-80,699-89 A,CAMP,59.4,82.9,,3/13/20
581,blue,-60,699-89 A,CAMP,42.8,50.3,,3/13/20
584,blue,-80,699-89 A,CAMP,50.9,65.5,,3/13/20
601,blue,-60,699-89 A,CAMP,32.8,42.6,,3/13/20
602,blue,-60,699-89 A,CAMP,26.7,48,,3/13/20
610,blue,-80,699-89 A,CAMP,27.3,55.5,,3/13/20
66,red,4,BUSSEY1,NEGU,12.9,102,,3/13/20
206,orange,-20,BUSSEY1,NEGU,94.5,170.5,,3/13/20
232,orange,-20,BUSSEY1,NEGU,70.1,142.8,,3/13/20
240,orange,-20,BUSSEY1,NEGU,66.7,142,,3/13/20
258,yellow,-30,BUSSEY1,NEGU,112,182.5,,3/13/20
283,yellow,-30,BUSSEY1,NEGU,93,155.4,,3/13/20
293,yellow,-30,BUSSEY1,NEGU,129.5,204.5,,3/13/20
428,green,-40,BUSSEY1,NEGU,91.3,128.1,,3/13/20
437,green,-40,BUSSEY1,NEGU,98.3,134.1,,3/13/20
480,green,-40,BUSSEY1,NEGU,83,136,,3/13/20
518,blue,-60,BUSSEY1,NEGU,107.7,132.3,,3/13/20
521,blue,-60,BUSSEY1,NEGU,53.6,68.1,,3/13/20
607,blue,-80,BUSSEY1,NEGU,28.3,133.1,,3/13/20
612,blue,-60,BUSSEY1,NEGU,67.3,121.2,,3/13/20
620,blue,-80,BUSSEY1,NEGU,17,113.5,,3/13/20
635,blue,-80,BUSSEY1,NEGU,104.1,124.5,,3/13/20
641,red,-10,BUSSEY1,NEGU,38.5,152,,3/13/20
645,red,-10,BUSSEY1,NEGU,29.2,106.1,,3/13/20
653,red,4,BUSSEY1,NEGU,14.1,105.3,,3/13/20
665,red,4,BUSSEY1,NEGU,9.9,89,,3/13/20
675,red,-10,BUSSEY1,NEGU,35.1,126.4,,3/13/20
23,red,-10,BUSSEY2,NEGU,20,94.2,,3/13/20
37,red,4,BUSSEY2,NEGU,13.7,104.4,,3/13/20
49,red,-10,BUSSEY2,NEGU,28.4,122,,3/13/20
105,red,-10,BUSSEY2,NEGU,27.4,114.2,,3/13/20
108,red,4,BUSSEY2,NEGU,13.1,86.8,,3/13/20
111,red,4,BUSSEY2,NEGU,11.5,93.4,,3/13/20
151,orange,-20,BUSSEY2,NEGU,46.6,132.4,,3/13/20
185,orange,-20,BUSSEY2,NEGU,44.6,105.8,,3/13/20
237,orange,-20,BUSSEY2,NEGU,42.1,111.4,,3/13/20
269,yellow,-30,BUSSEY2,NEGU,25.3,54.8,,3/13/20
270,yellow,-30,BUSSEY2,NEGU,64.3,108.6,,3/13/20
280,yellow,-30,BUSSEY2,NEGU,52.3,100.1,,3/13/20
461,green,-40,BUSSEY2,NEGU,27.2,64.4,,3/13/20
465,green,-40,BUSSEY2,NEGU,70.2,120.5,,3/13/20
492,green,-40,BUSSEY2,NEGU,71.8,127.6,,3/13/20
517,blue,-60,BUSSEY2,NEGU,70.9,108.6,,3/13/20
590,blue,-80,BUSSEY2,NEGU,69.4,97.5,,3/13/20
611,blue,-60,BUSSEY2,NEGU,31.8,94.1,,3/13/20
613,blue,-60,BUSSEY2,NEGU,87.7,61.4,,3/13/20
618,blue,-80,BUSSEY2,NEGU,77.9,106.1,,3/13/20
636,blue,-80,BUSSEY2,NEGU,76.9,105.2,,3/13/20
5,red,4,Bussey3,NEGU,20.7,102.2,,3/13/20
51,red,4,Bussey3,NEGU,19.7,92,,3/13/20
78,red,-10,Bussey3,NEGU,39.6,119.1,,3/13/20
84,red,-10,Bussey3,NEGU,36.6,126.8,,3/13/20
98,red,4,Bussey3,NEGU,17.9,109.1,,3/13/20
110,red,-10,Bussey3,NEGU,35,111,,3/13/20
144,orange,-20,Bussey3,NEGU,54.3,135.4,,3/13/20
157,orange,-20,Bussey3,NEGU,62,162.8,,3/13/20
172,orange,-20,Bussey3,NEGU,70.9,162.1,,3/13/20
301,yellow,-30,Bussey3,NEGU,66.6,129.8,,3/13/20
342,yellow,-30,Bussey3,NEGU,51.3,103.6,,3/13/20
350,yellow,-30,Bussey3,NEGU,67.3,122.9,,3/13/20
445,green,-40,Bussey3,NEGU,41.4,80.3,,3/13/20
457,green,-40,Bussey3,NEGU,50.6,120.9,,3/13/20
462,green,-40,Bussey3,NEGU,54.9,111.5,,3/13/20
513,blue,-80,Bussey3,NEGU,91.9,125.1,,3/13/20
516,blue,-60,Bussey3,NEGU,47.4,94.2,,3/13/20
520,blue,-60,Bussey3,NEGU,52.4,92.5,,3/13/20
524,blue,-80,Bussey3,NEGU,27.3,114.8,,3/13/20
576,blue,-60,Bussey3,NEGU,51.8,72,,3/13/20
639,blue,-80,Bussey3,NEGU,92.1,140,,3/13/20
10,red,4,Weld1,PLAT,7.3,35.5,,3/13/20
35,red,4,Weld1,PLAT,11.4,49.9,,3/13/20
47,red,-10,Weld1,PLAT,18,69.6,,3/13/20
55,red,4,Weld1,PLAT,15.2,45.5,,3/13/20
93,red,-10,Weld1,PLAT,19.3,51.8,,3/13/20
124,red,-10,Weld1,PLAT,21.4,65.1,,3/13/20
137,orange,-20,Weld1,PLAT,34.9,86.1,,3/13/20
153,orange,-20,Weld1,PLAT,25.2,58.1,,3/13/20
170,orange,-20,Weld1,PLAT,17.2,51.2,,3/13/20
331,yellow,-30,Weld1,PLAT,24.6,45,,3/13/20
337,yellow,-30,Weld1,PLAT,36.7,59.4,,3/13/20
343,yellow,-30,Weld1,PLAT,24.8,47,,3/13/20
403,green,-40,Weld1,PLAT,40.4,73.8,,3/13/20
444,green,-40,Weld1,PLAT,36.8,55.3,,3/13/20
452,green,-40,Weld1,PLAT,24.2,38,,3/13/20
555,blue,-80,Weld1,PLAT,59.9,48.5,,3/13/20
560,blue,-60,Weld1,PLAT,46.5,84.1,,3/13/20
565,blue,-80,Weld1,PLAT,28.6,40.9,,3/13/20
575,blue,-60,Weld1,PLAT,28.9,76.6,,3/13/20
598,blue,-60,Weld1,PLAT,30.7,48.6,,3/13/20
615,blue,-80,Weld1,PLAT,15.9,46.2,,3/13/20
1,red,-10,WELD2,PLAT,31.2,85.8,,3/13/20
71,red,4,WELD2,PLAT,15.2,64.8,,3/13/20
81,red,4,WELD2,PLAT,17,55.3,,3/13/20
89,red,4,WELD2,PLAT,12.1,44.3,,3/13/20
92,red,-10,WELD2,PLAT,32.2,90.4,,3/13/20
128,red,-10,WELD2,PLAT,21.6,48.5,,3/13/20
155,orange,-20,WELD2,PLAT,39.4,98,,3/13/20
198,orange,-20,WELD2,PLAT,21.8,47.4,,3/13/20
233,orange,-20,WELD2,PLAT,25.3,70,,3/13/20
257,yellow,-30,WELD2,PLAT,43.5,73.2,,3/13/20
287,yellow,-30,WELD2,PLAT,41.9,63.4,,3/13/20
383,yellow,-30,WELD2,PLAT,47.6,88.3,,3/13/20
458,green,-40,WELD2,PLAT,27.7,42.5,,3/13/20
503,green,-40,WELD2,PLAT,42.6,68.3,,3/13/20
506,green,-40,WELD2,PLAT,47.2,80.5,,3/13/20
519,blue,-60,WELD2,PLAT,66.8,90.2,,3/13/20
571,blue,-80,WELD2,PLAT,55.2,77.6,,3/13/20
616,blue,-60,WELD2,PLAT,31.6,98.1,,3/13/20
627,blue,-80,WELD2,PLAT,46,69.4,,3/13/20
634,blue,-60,WELD2,PLAT,72.9,114.9,,3/13/20
637,blue,-80,WELD2,PLAT,32.9,45,,3/13/20
15,red,-10,WELD3,PLAT,26,80.5,,3/13/20
39,red,4,WELD3,PLAT,10.7,44.2,,3/13/20
76,red,-10,WELD3,PLAT,24.1,67.6,,3/13/20
99,red,-10,WELD3,PLAT,26,75.3,,3/13/20
100,red,4,WELD3,PLAT,17.2,71.2,,3/13/20
109,red,4,WELD3,PLAT,13.9,59.3,,3/13/20
178,orange,-20,WELD3,PLAT,29.4,70.8,,3/13/20
184,orange,-20,WELD3,PLAT,38.8,92,,3/13/20
231,orange,-20,WELD3,PLAT,22.2,61.5,,3/13/20
309,yellow,-30,WELD3,PLAT,35.5,73.4,,3/13/20
341,yellow,-30,WELD3,PLAT,25.1,49.9,,3/13/20
364,yellow,-30,WELD3,PLAT,23.9,46,,3/13/20
470,green,-40,WELD3,PLAT,43.3,72,,3/13/20
507,green,-40,WELD3,PLAT,38.9,56.1,,3/13/20
512,green,-40,WELD3,PLAT,44.9,76.4,,3/13/20
525,blue,-60,WELD3,PLAT,76.5,82.4,,3/13/20
534,blue,-80,WELD3,PLAT,42.9,75.3,,3/13/20
561,blue,-80,WELD3,PLAT,74.8,59.2,,3/13/20
570,blue,-80,WELD3,PLAT,38.3,69.5,,3/13/20
599,blue,-60,WELD3,PLAT,32.9,55.3,,3/13/20
600,blue,-60,WELD3,PLAT,36.1,50.8,,3/13/20
2,red,4,270-2010 A,SPIC,7.6,36.2,,3/13/20
4,red,4,115-2000 A,TATA,2.6,24.3,,3/13/20
7,red,4,33-95 B,TEGM,19.4,66.9,,3/13/20
14,red,4,1400-77 E,TEGM,11.4,106.9,,3/13/20
19,red,4,124-2005 C,SPIC,37.4,142.3,,3/13/20
56,red,4,33-95 B,TEGM,19.8,94,,3/13/20
61,red,4,531-94 A,TEGM,7.5,62.5,,3/13/20
64,red,4,1400-77 E,TEGM,16.2,106.9,,3/13/20
75,red,4,115-2000 A,TATA,2.9,27.1,,3/13/20
79,red,4,246-2010 A,SACC,15.5,89.6,,3/13/20
102,red,4,246-2010 A,SACC,10.9,65.9,,3/13/20
103,red,4,1115-76 A,TATA,5.4,30.2,,3/13/20
118,red,4,33-95 B,TEGM,14,61.3,,3/13/20
119,red,4,246-2010 A,SACC,16.7,82.7,,3/13/20
122,red,4,1400-77 E,TEGM,15.8,99.1,,3/13/20
126,red,4,270-2010 A,SPIC,3.1,44.9,,3/13/20
127,red,4,531-94 A,TEGM,5.4,66.1,,3/13/20
129,orange,-10,33-95 B,TEGM,43.9,91.9,,3/13/20
132,orange,-20,22858 B,PSEP,123.1,275.5,,3/13/20
133,orange,-20,531-94 A,TEGM,31.2,81.8,,3/13/20
134,orange,-10,33-95 B,TEGM,25.5,69.4,,3/13/20
135,orange,-20,207-2005 A,RUBR,30.8,55.7,,3/13/20
140,orange,-20,531-94 A,TEGM,24.1,61.6,,3/13/20
141,orange,-10,524-2009 A,RUBR,15.9,49,,3/13/20
142,orange,-20,1115-76 A,TATA,28.9,48.4,,3/13/20
143,orange,-10,207-2005 A,RUBR,4,28.8,,3/13/20
145,orange,-10,19634 A,PSEP,17.3,106.9,,3/13/20
147,orange,-20,567-2008 B,RUBR,9,28,,3/13/20
148,orange,-10,207-2005 A,RUBR,18,50,,3/13/20
150,orange,-10,115-2000 A,TATA,6.6,27.8,,3/13/20
156,orange,-10,524-2009 A,RUBR,20.1,66.8,,3/13/20
158,orange,-20,1400-77 E,TEGM,46.8,87.5,,3/13/20
159,orange,-10,524-2009 A,RUBR,32.4,97.4,,3/13/20
161,orange,-10,1115-76 A,TATA,7.8,28.6,,3/13/20
162,orange,-10,270-2010 A,SPIC,10.9,45.3,,3/13/20
163,orange,-20,524-2009 A,RUBR,33.4,55.8,,3/13/20
164,orange,-10,750-55 B,PSEP,25.4,119.2,,3/13/20
167,orange,-10,1115-76 A,TATA,16.6,37,,3/13/20
171,orange,-20,115-2000 A,TATA,10.8,33.5,,3/13/20
174,orange,-10,207-2005 A,RUBR,11.5,40.6,,3/13/20
175,orange,-20,567-2008 B,RUBR,23.3,56.6,,3/13/20
180,orange,-10,78-2000 B,TATA,7.8,34.7,,3/13/20
181,orange,-20,33-95 B,TEGM,30.5,60.9,,3/13/20
183,orange,-10,115-2000 A,TATA,10.2,34.6,,3/13/20
186,orange,-10,33-95 B,TEGM,24.5,66.6,,3/13/20
188,orange,-20,1400-77 E,TEGM,73.5,168.7,,3/13/20
194,orange,-20,207-2005 A,RUBR,19.8,32.9,,3/13/20
196,orange,-10,270-2010 A,SPIC,9.6,54.7,,3/13/20
200,orange,-20,207-2005 A,RUBR,16.9,37.7,,3/13/20
201,orange,-20,22858 B,PSEP,160.7,306.2,,3/13/20
205,orange,-10,19634 A,PSEP,25.4,136.6,,3/13/20
207,orange,-10,750-55 B,PSEP,18.5,119.6,,3/13/20
209,orange,-20,750-55 B,PSEP,64.4,154,,3/13/20
210,orange,-20,19634 A,PSEP,36.5,100.6,,3/13/20
211,orange,-10,22858 B,PSEP,45.1,235.5,,3/13/20
212,orange,-10,750-55 B,PSEP,19.8,105.8,,3/13/20
214,orange,-10,531-94 A,TEGM,16.9,79.2,,3/13/20
215,orange,-10,22858 B,PSEP,43.2,240.3,,3/13/20
217,orange,-10,567-2008 B,RUBR,10.3,44.4,,3/13/20
219,orange,-20,19634 A,PSEP,38.8,123.3,,3/13/20
220,orange,-10,531-94 A,TEGM,15.7,64.3,,3/13/20
221,orange,-10,115-2000 A,TATA,10.5,40.7,,3/13/20
222,orange,-10,1400-77 E,TEGM,31.9,145.5,,3/13/20
224,orange,-20,531-94 A,TEGM,44.2,77.7,,3/13/20
225,orange,-10,22858 B,PSEP,13.7,140.3,,3/13/20
227,orange,-20,78-2000 B,TATA,7.9,30.1,,3/13/20
228,orange,-10,78-2000 B,TATA,26.6,25.2,,3/13/20
230,orange,-20,524-2009 A,RUBR,39.8,64.4,,3/13/20
235,orange,-20,524-2009 A,RUBR,53.2,71.3,,3/13/20
236,orange,-20,750-55 B,PSEP,15.3,161.2,,3/13/20
242,orange,-10,1115-76 A,TATA,19,35.2,,3/13/20
243,orange,-20,567-2008 B,RUBR,25.5,49.7,,3/13/20
244,orange,-10,1400-77 E,TEGM,32.1,141.1,,3/13/20
245,orange,-10,567-2008 B,RUBR,4,28.2,,3/13/20
248,orange,-10,567-2008 B,RUBR,18.7,49.7,,3/13/20
250,orange,-20,19634 A,PSEP,55.3,177.4,,3/13/20
251,orange,-10,19634 A,PSEP,32.5,235,,3/13/20
252,orange,-20,750-55 B,PSEP,70.4,124.8,,3/13/20
253,orange,-20,1115-76 A,TATA,30.2,42.3,,3/13/20
254,orange,-20,603-2008 A,SPIC,18.7,58.4,,3/13/20
255,orange,-10,531-94 A,TEGM,12,56.3,,3/13/20
256,orange,-20,22858 B,PSEP,113.7,234.6,,3/13/20
259,yellow,-30,750-55 B,PSEP,93,170.3,,3/13/20
263,yellow,-30,750-55 B,PSEP,92.7,222.7,,3/13/20
272,yellow,-30,19634 A,PSEP,69,103.9,,3/13/20
273,yellow,-30,750-55 B,PSEP,61.1,155.5,,3/13/20
274,yellow,-30,187-2006 B,SACC,21.9,54.5,,3/13/20
278,yellow,-30,524-2009 A,RUBR,59.6,107.9,,3/13/20
281,yellow,-30,567-2008 B,RUBR,33.6,68.5,,3/13/20
284,yellow,-30,19634 A,PSEP,95.3,204.8,,3/13/20
286,yellow,-30,567-2008 B,RUBR,12.1,34.8,,3/13/20
288,yellow,-30,22858 B,PSEP,129,239.3,,3/13/20
289,yellow,-30,524-2009 A,RUBR,42.5,97.6,,3/13/20
292,yellow,-30,19634 A,PSEP,114.9,225.4,,3/13/20
294,yellow,-30,78-2000 B,TATA,11.8,26.8,,3/13/20
296,yellow,-30,22858 B,PSEP,186.7,289.7,,3/13/20
297,yellow,-30,524-2009 A,RUBR,24.7,45,,3/13/20
299,yellow,-30,22858 B,PSEP,155,242.8,,3/13/20
305,yellow,-30,115-2000 A,TATA,10.9,22.8,,3/13/20
308,yellow,-30,1400-77 E,TEGM,61.2,105,,3/13/20
310,yellow,-30,270-2010 A,SPIC,15.8,54.2,,3/13/20
312,yellow,-30,530-2008 A,SACC,23.4,73.7,,3/13/20
313,yellow,-30,270-2010 A,SPIC,29.1,54.6,,3/13/20
315,yellow,-30,567-2008 B,RUBR,29,48.8,,3/13/20
317,yellow,-30,115-2000 A,TATA,10.8,27.8,,3/13/20
318,yellow,-30,246-2010 A,SACC,57.2,101.9,,3/13/20
319,yellow,-30,124-2005 C,SPIC,104.2,153.3,,3/13/20
320,yellow,-30,115-2000 A,TATA,10.7,31,,3/13/20
323,yellow,-30,124-2005 C,SPIC,100.8,50.2,,3/13/20
325,yellow,-30,33-95 B,TEGM,67.3,165.3,,3/13/20
328,yellow,-30,530-2008 A,SACC,10.7,102.6,,3/13/20
329,yellow,-30,530-2008 A,SACC,15.8,41.4,,3/13/20
331,yellow,-30,207-2005 A,RUBR,19.7,40.8,,3/13/20
332,yellow,-30,603-2008 A,SPIC,27.9,67.1,,3/13/20
334,yellow,-30,33-95 B,TEGM,66.9,98.2,,3/13/20
335,yellow,-30,531-94 A,TEGM,63.3,84.8,,3/13/20
336,yellow,-30,531-94 A,TEGM,45.5,91.9,,3/13/20
338,yellow,-30,603-2008 A,SPIC,27.6,55.9,,3/13/20
339,yellow,-30,78-2000 B,TATA,11.2,31.2,,3/13/20
340,yellow,-30,246-2010 A,SACC,55,99.2,,3/13/20
344,yellow,-30,1115-76 A,TATA,36.4,56.9,,3/13/20
345,yellow,-30,124-2005 C,SPIC,92.5,185.9,,3/13/20
346,yellow,-30,603-2008 A,SPIC,36.3,66.2,,3/13/20
351,yellow,-30,1400-77 E,TEGM,68.8,115.8,,3/13/20
352,yellow,-30,1115-76 A,TATA,25,38.7,,3/13/20
356,yellow,-30,246-2010 A,SACC,19,57.3,,3/13/20
358,yellow,-30,531-94 A,TEGM,48.9,81,,3/13/20
362,yellow,-30,207-2005 A,RUBR,14.3,49.2,,3/13/20
365,yellow,-30,1115-76 A,TATA,26.1,39.9,,3/13/20
368,yellow,-30,187-2006 B,SACC,22.2,66.1,,3/13/20
372,yellow,-30,270-2010 A,SPIC,24.5,50.6,,3/13/20
377,yellow,-30,187-2006 B,SACC,35.3,73.3,,3/13/20
378,yellow,-30,78-2000 B,TATA,11.9,22.7,,3/13/20
379,yellow,-30,1400-77 E,TEGM,61,108.5,,3/13/20
384,yellow,-30,33-95 B,TEGM,66.1,101,,3/13/20
385,green,-60,246-2010 A,SACC,58.3,86.9,,3/13/20
386,green,-40,603-2008 A,SPIC,34.9,66.5,,3/13/20
387,green,-60,124-2005 C,SPIC,87.2,155.1,,3/13/20
388,green,-40,124-2005 C,SPIC,92.9,158,,3/13/20
389,green,-40,246-2010 A,SACC,57.7,104.7,,3/13/20
390,green,-40,530-2008 A,SACC,22.3,44.1,,3/13/20
391,green,-40,124-2005 C,SPIC,95.4,149,,3/13/20
392,green,-60,603-2008 A,SPIC,30.4,55.6,,3/13/20
393,yellow,-30,207-2005 A,RUBR,25,47.1,,3/13/20
393,green,-40,246-2010 A,SACC,37.4,60.6,,3/13/20
395,green,-40,246-2010 A,SACC,57,83.9,,3/13/20
396,green,-60,124-2005 C,SPIC,104.4,151.4,,3/13/20
397,green,-40,603-2008 A,SPIC,30.7,53.8,,3/13/20
398,green,-40,124-2005 C,SPIC,107.5,161.8,,3/13/20
399,green,-60,530-2008 A,SACC,23.8,91.3,,3/13/20
400,green,-60,19634 A,PSEP,92.9,134.3,,3/13/20
401,green,-60,246-2010 A,SACC,40.1,76.8,,3/13/20
402,green,-60,524-2009 A,RUBR,37.7,76.8,,3/13/20
406,green,-40,19634 A,PSEP,72.6,141.6,,3/13/20
407,green,-60,750-55 B,PSEP,78.4,148.7,,3/13/20
410,green,-40,19634 A,PSEP,67.2,115.1,,3/13/20
411,green,-40,530-2008 A,SACC,22.2,52.3,,3/13/20
415,green,-40,750-55 B,PSEP,94.9,176.7,,3/13/20
416,green,-40,187-2006 B,SACC,31.3,34.1,,3/13/20
418,green,-40,750-55 B,PSEP,93.5,175.3,,3/13/20
419,green,-40,524-2009 A,RUBR,48.4,92.8,,3/13/20
420,green,-60,750-55 B,PSEP,130.8,228.6,,3/13/20
421,green,-60,524-2009 A,RUBR,70.4,137.3,,3/13/20
423,green,-60,567-2008 B,RUBR,32.5,53.6,,3/13/20
424,green,-60,22858 B,PSEP,211.3,301.7,,3/13/20
426,green,-60,750-55 B,PSEP,68.9,158.8,,3/13/20
429,green,-60,19634 A,PSEP,124.6,192.7,,3/13/20
430,green,-60,567-2008 B,RUBR,19.8,38.5,,3/13/20
431,green,-40,22858 B,PSEP,166,259.7,,3/13/20
432,green,-40,270-2010 A,SPIC,19.5,46.1,,3/13/20
434,green,-40,19634 A,PSEP,56.4,109.5,,3/13/20
435,green,-40,22858 B,PSEP,166.8,249.4,,3/13/20
438,green,-60,124-2005 C,SPIC,87.9,141.8,,3/13/20
440,green,-60,567-2008 B,RUBR,42.1,58.2,,3/13/20
442,green,-40,524-2009 A,RUBR,62.3,94.2,,3/13/20
446,green,-60,246-2010 A,SACC,70.8,101,,3/13/20
447,green,-40,567-2008 B,RUBR,20.4,35.7,,3/13/20
455,green,-40,567-2008 B,RUBR,28,56.3,,3/13/20
456,green,-60,207-2005 A,RUBR,21.9,42.9,,3/13/20
459,green,-40,530-2008 A,SACC,35.4,117.3,,3/13/20
460,green,-60,524-2009 A,RUBR,40.1,81.8,,3/13/20
463,green,-40,207-2005 A,RUBR,17.5,39,,3/13/20
464,green,-40,187-2006 B,SACC,42.9,79.3,,3/13/20
466,green,-60,22858 B,PSEP,144.4,223,,3/13/20
468,green,-60,207-2005 A,RUBR,25.6,55.3,,3/13/20
472,green,-40,207-2005 A,RUBR,34.7,58.6,,3/13/20
475,green,-40,22858 B,PSEP,187.1,261.3,,3/13/20
477,green,-40,567-2008 B,RUBR,36.3,60.2,,3/13/20
478,green,-40,750-55 B,PSEP,142.2,243.6,,3/13/20
483,green,-40,603-2008 A,SPIC,39.1,83.1,,3/13/20
484,green,-60,207-2005 A,RUBR,25.9,52.7,,3/13/20
485,green,-60,187-2006 B,SACC,27.5,59.9,,3/13/20
487,green,-60,22858 B,PSEP,95.4,247.3,,3/13/20
488,green,-60,530-2008 A,SACC,29.6,82.7,,3/13/20
489,green,-40,187-2006 B,SACC,22.4,51,,3/13/20
491,green,-40,524-2009 A,RUBR,29.8,55.8,,3/13/20
494,green,-60,187-2006 B,SACC,45.5,82.2,,3/13/20
495,green,-60,187-2006 B,SACC,47.8,91.5,,3/13/20
496,green,-40,207-2005 A,RUBR,23.1,46.8,,3/13/20
497,green,-60,530-2008 A,SACC,10.9,32.6,,3/13/20
499,green,-60,19634 A,PSEP,66.5,119.4,,3/13/20
537,blue,-80,750-55 B,PSEP,114.1,195.1,,3/13/20
542,blue,-80,22858 B,PSEP,162.3,224.1,,3/13/20
562,blue,-80,19634 A,PSEP,81.9,122.3,,3/13/20
569,blue,-80,1115-76 A,TATA,35.8,50.1,,3/13/20
582,blue,-80,750-55 B,PSEP,54.7,118.4,,3/13/20
596,blue,-80,524-2009 A,RUBR,39.1,59.6,,3/13/20
603,blue,-80,750-55 B,PSEP,95.3,179,,3/13/20
617,blue,-80,22858 B,PSEP,120.1,255.2,,3/13/20
642,red,4,22858 B,PSEP,43.7,226.7,,3/13/20
643,red,4,530-2008 A,SACC,6.8,48.7,,3/13/20
644,red,4,530-2008 A,SACC,6.9,63.1,,3/13/20
646,red,4,207-2005 A,RUBR,7.6,29,,3/13/20
647,red,4,270-2010 A,SPIC,3.1,39.5,,3/13/20
648,red,4,524-2009 A,RUBR,15.4,65.1,,3/13/20
649,red,4,22858 B,PSEP,32.8,255.4,,3/13/20
650,red,4,567-2008 B,RUBR,3.5,32.7,,3/13/20
651,red,4,567-2008 B,RUBR,6.4,40.8,,3/13/20
652,red,4,78-2000 B,TATA,2.8,27.7,,3/13/20
654,red,4,1115-76 A,TATA,9.5,34,,3/13/20
655,red,4,19634 A,PSEP,9,71.5,,3/13/20
657,red,4,603-2008 A,SPIC,10.1,66.6,,3/13/20
658,red,4,1115-76 A,TATA,6.9,28.2,,3/13/20
659,red,4,750-55 B,PSEP,41.5,199.5,,3/13/20
660,red,4,22858 B,PSEP,28.8,213.7,,3/13/20
661,red,4,750-55 B,PSEP,14.4,148.9,,3/13/20
662,red,4,207-2005 A,RUBR,6.8,49.9,,3/13/20
663,red,4,187-2006 B,SACC,6.1,54.5,,3/13/20
664,red,4,567-2008 B,RUBR,9.8,45.8,,3/13/20
666,red,4,19634 A,PSEP,19.4,172.3,,3/13/20
667,red,4,750-55 B,PSEP,27.4,204,,3/13/20
668,red,4,115-2000 A,TATA,9,23.5,,3/13/20
669,red,4,603-2008 A,SPIC,1.3,59.8,,3/13/20
670,red,4,78-2000 B,TATA,9.1,35.5,,3/13/20
671,red,4,524-2009 A,RUBR,11.5,81.9,,3/13/20
672,red,4,124-2005 C,SPIC,21.7,141.7,,3/13/20
673,red,4,78-2000 B,TATA,32.5,31.2,,3/13/20
674,red,4,187-2006 B,SACC,4.6,70.5,,3/13/20
678,red,4,124-2005 C,SPIC,8.3,141.2,,3/13/20
679,red,4,187-2006 B,SACC,36.8,73.5,,3/13/20
680,red,4,207-2005 A,RUBR,9.9,47.3,,3/13/20
681,red,4,530-2008 A,SACC,7.9,58.4,,3/13/20
682,red,4,524-2009 A,RUBR,5.5,62.2,,3/13/20
686,red,4,19634 A,PSEP,15.6,126.4,,3/13/20
687,red,4,603-2008 A,SPIC,7.6,67.1,,3/13/20
688,orange,-20,115-2000 A,TATA,9,24.4,,3/13/20
689,orange,-20,1115-76 A,TATA,18.9,35,,3/13/20
690,orange,-20,124-2005 C,SPIC,13.9,52,,3/13/20
691,orange,-10,603-2008 A,SPIC,15.3,70,,3/13/20
692,orange,-10,1400-77 E,TEGM,43.7,150.6,,3/13/20
693,orange,-10,603-2008 A,SPIC,11,63.7,,3/13/20
694,orange,-10,603-2008 A,SPIC,7.2,46.3,,3/13/20
695,orange,-20,33-95 B,TEGM,48,87.8,,3/13/20
696,orange,-10,124-2005 C,SPIC,65.1,156.2,,3/13/20
697,orange,-20,115-2000 A,TATA,11.4,36.1,,3/13/20
698,orange,-20,270-2010 A,SPIC,76.6,136.9,,3/13/20
699,orange,-20,270-2010 A,SPIC,16.5,60.6,,3/13/20
700,orange,-20,78-2000 B,TATA,13.3,32.1,,3/13/20
701,orange,-20,246-2010 A,SACC,37.9,103.9,,3/13/20
703,orange,-10,246-2010 A,SACC,5.7,54.1,,3/13/20
704,orange,-20,603-2008 A,SPIC,20.3,66.9,,3/13/20
705,orange,-10,78-2000 B,TATA,7.8,29.3,,3/13/20
706,orange,-10,187-2006 B,SACC,14.2,49.9,,3/13/20
707,orange,-20,603-2008 A,SPIC,10.7,48,,3/13/20
708,orange,-10,530-2008 A,SACC,7.3,54.1,,3/13/20
709,orange,-20,246-2010 A,SACC,29.3,105.5,,3/13/20
710,orange,-20,78-2000 B,TATA,11.4,28.3,,3/13/20
711,orange,-10,124-2005 C,SPIC,50.3,136.4,,3/13/20
712,orange,-10,246-2010 A,SACC,26.9,89.7,,3/13/20
713,orange,-20,187-2006 B,SACC,23.8,75.2,,3/13/20
714,orange,-20,270-2010 A,SPIC,20.1,54.7,,3/13/20
715,orange,-10,187-2006 B,SACC,12.4,66.2,,3/13/20
716,orange,-10,246-2010 A,SACC,19.8,75.4,,3/13/20
717,orange,-20,530-2008 A,SACC,8.3,36.5,,3/13/20
718,orange,-20,187-2006 B,SACC,14.9,58.8,,3/13/20
719,orange,-20,530-2008 A,SACC,18.7,41,,3/13/20
720,orange,-10,187-2006 B,SACC,19.4,87.8,,3/13/20
721,orange,-10,530-2008 A,SACC,14.7,73.9,,3/13/20
722,orange,-10,530-2008 A,SACC,7.6,69.9,,3/13/20
723,orange,-20,124-2005 C,SPIC,81.3,143.7,,3/13/20
724,orange,-20,530-2008 A,SACC,13.4,67.7,,3/13/20
725,orange,-20,124-2005 C,SPIC,82.5,177,,3/13/20
726,orange,-20,187-2006 B,SACC,29.3,117.6,,3/13/20
727,orange,-20,1400-77 E,TEGM,54,100,,3/13/20
728,orange,-10,270-2010 A,SPIC,6.3,43.3,,3/13/20
729,orange,-20,246-2010 A,SACC,27.2,87.5,,3/13/20
730,orange,-20,33-95 B,TEGM,46.1,73.8,,3/13/20
731,orange,-10,124-2005 C,SPIC,57.7,148.4,,3/13/20
732,green,-40,270-2010 A,SPIC,23.1,50,,3/13/20
733,green,-60,531-94 A,TEGM,33.6,62.2,,3/13/20
734,green,-40,33-95 B,TEGM,56.9,92.4,,3/13/20
735,green,-60,33-95 B,TEGM,64.8,107.9,,3/13/20
736,green,-60,1115-76 A,TATA,36.4,54.5,,3/13/20
737,green,-60,115-2000 A,TATA,15.5,29.4,,3/13/20
738,green,-40,115-2000 A,TATA,20.3,38.9,,3/13/20
739,green,-40,1115-76 A,TATA,33.4,47,,3/13/20
740,green,-40,1115-76 A,TATA,23.2,40.7,,3/13/20
741,green,-40,1115-76 A,TATA,16.4,30.6,,3/13/20
742,green,-60,1115-76 A,TATA,22.3,33.1,,3/13/20
743,green,-40,531-94 A,TEGM,44.2,79.3,,3/13/20
744,green,-60,270-2010 A,SPIC,30.7,46.8,,3/13/20
745,green,-60,1400-77 E,TEGM,97.5,145.7,,3/13/20
746,green,-40,531-94 A,TEGM,40.5,67.6,,3/13/20
747,green,-40,33-95 B,TEGM,40.1,71.7,,3/13/20
748,green,-60,1400-77 E,TEGM,103,155.9,,3/13/20
749,green,-40,78-2000 B,TATA,18.2,28.3,,3/13/20
750,green,-40,1400-77 E,TEGM,75.6,119.7,,3/13/20
751,green,-40,1400-77 E,TEGM,94,146,,3/13/20
752,green,-60,78-2000 B,TATA,12.2,25.9,,3/13/20
753,green,-40,270-2010 A,SPIC,27.4,47.5,,3/13/20
754,green,-40,531-94 A,TEGM,44.7,57.9,,3/13/20
755,green,-60,603-2008 A,SPIC,29.7,49.1,,3/13/20
756,green,-40,115-2000 A,TATA,16.8,30.6,,3/13/20
757,green,-40,33-95 B,TEGM,58.3,72.8,,3/13/20
758,green,-40,115-2000 A,TATA,16.6,25.6,,3/13/20
759,green,-60,115-2000 A,TATA,16.8,26.9,,3/13/20
760,green,-40,1400-77 E,TEGM,78.1,111.3,,3/13/20
761,green,-60,33-95 B,TEGM,57.2,83.9,,3/13/20
762,green,-60,78-2000 B,TATA,19.3,30.1,,3/13/20
763,green,-60,1400-77 E,TEGM,90.8,144.6,,3/13/20
764,green,-60,270-2010 A,SPIC,24.1,52.3,,3/13/20
765,green,-60,1115-76 A,TATA,29,40.8,,3/13/20
766,green,-40,78-2000 B,TATA,24.5,38.4,,3/13/20
767,green,-60,603-2008 A,SPIC,29.7,54,,3/13/20
768,green,-60,78-2000 B,TATA,13.3,26.5,,3/13/20
769,green,-60,115-2000 A,TATA,12.8,35.9,,3/13/20
770,green,-40,78-2000 B,TATA,14.7,28.2,,3/13/20
771,green,-60,270-2010 A,SPIC,26.3,54.3,,3/13/20
772,green,-60,33-95 B,TEGM,54.8,89.8,,3/13/20
773,green,-60,531-94 A,TEGM,57.8,97.3,,3/13/20
774,blue,-80,33-95 B,TEGM,61.9,108.2,,3/13/20
775,blue,-80,124-2005 C,SPIC,72,114.8,,3/13/20
776,blue,-80,270-2010 A,SPIC,36.6,58.9,,3/13/20
777,blue,-80,1400-77 E,TEGM,97.3,127.5,,3/13/20
778,blue,-80,246-2010 A,SACC,47.4,81.9,,3/13/20
779,blue,-80,530-2008 A,SACC,17.4,34.6,,3/13/20
780,blue,-80,115-2000 A,TATA,16.1,30.5,,3/13/20
781,blue,-80,33-95 B,TEGM,62.7,82.4,,3/13/20
782,blue,-80,124-2005 C,SPIC,109.5,162.4,,3/13/20
783,blue,-80,270-2010 A,SPIC,28,50.7,,3/13/20
784,blue,-80,78-2000 B,TATA,5.8,24,,3/13/20
785,blue,-80,1400-77 E,TEGM,77.9,114.4,,3/13/20
786,blue,-80,115-2000 A,TATA,13.2,27.9,,3/13/20
787,blue,-80,187-2006 B,SACC,36,60.4,,3/13/20
788,blue,-80,115-2000 A,TATA,20.1,35,,3/13/20
789,blue,-80,1400-77 E,TEGM,79.2,125,,3/13/20
790,blue,-80,530-2008 A,SACC,19.2,62.3,,3/13/20
791,blue,-80,1115-76 A,TATA,15.7,25.6,,3/13/20
792,blue,-80,207-2005 A,RUBR,15.2,33.4,,3/13/20
793,blue,-80,33-95 B,TEGM,80.9,122.5,,3/13/20
794,blue,-80,603-2008 A,SPIC,43.5,60.8,,3/13/20
795,blue,-80,530-2008 A,SACC,39.5,79.7,,3/13/20
796,blue,-80,567-2008 B,RUBR,35,68.5,,3/13/20
797,blue,-80,78-2000 B,TATA,14.3,29.1,,3/13/20
798,blue,-80,78-2000 B,TATA,19,27.7,,3/13/20
799,blue,-80,187-2006 B,SACC,58.3,93.8,,3/13/20
800,blue,-80,19634 A,PSEP,52.7,103.9,,3/13/20
801,blue,-80,22858 B,PSEP,185.5,236.1,,3/13/20
802,blue,-80,567-2008 B,RUBR,37.8,59.5,,3/13/20
803,blue,-80,207-2005 A,RUBR,20.1,36,,3/13/20
804,blue,-80,524-2009 A,RUBR,33.9,82.1,,3/13/20
805,blue,-80,270-2010 A,SPIC,27,44.8,,3/13/20
806,blue,-80,567-2008 B,RUBR,21.5,39.9,,3/13/20
807,blue,-80,207-2005 A,RUBR,27.6,60.1,,3/13/20
808,blue,-80,19634 A,PSEP,66.5,95.3,,3/13/20
809,blue,-80,246-2010 A,SACC,70.2,93.8,,3/13/20
810,blue,-80,603-2008 A,SPIC,48.3,85.3,,3/13/20
811,blue,-80,524-2009 A,RUBR,62.3,109.2,,3/13/20
812,blue,-80,603-2008 A,SPIC,45.8,91,,3/13/20
813,blue,-80,187-2006 B,SACC,63.4,94.1,,3/13/20
814,blue,-80,246-2010 A,SACC,66.1,104,,3/13/20
815,blue,-80,1115-76 A,TATA,12,35,,3/13/20
816,blue,-80,124-2005 C,SPIC,71.1,138,,3/13/20
817,red,4,531-94 A,TEGM,13.3,69.9,,3/13/20
818,green,-60,531-94 A,TEGM,52.6,74.4,,3/13/20
819,blue,-80,531-94 A,TEGM,33.7,64.2,,3/13/20
820,blue,-80,531-94 A,TEGM,54.8,88,,3/13/20
821,blue,-80,531-94 A,TEGM,47.1,86.8,,3/13/20